INSERT INTO HMC_CLUSTER (CLUSTER_ID,CLUSTER_NAME) VALUES ('-1','集群一');
INSERT INTO HMC_CLUSTER (CLUSTER_ID,CLUSTER_NAME) VALUES ('-2','集群二');

INSERT INTO HMC_COMMAND (CMD_ID,SERVICE_TYPE,SERVICE_MODE_TYPE,CMD_CODE,CMD_NAME,PARENT_CMD_ID,LOG_FILE,ASYN) VALUES ('100','Hdfs',null,null,'启动',null,null,null);
INSERT INTO HMC_COMMAND (CMD_ID,SERVICE_TYPE,SERVICE_MODE_TYPE,CMD_CODE,CMD_NAME,PARENT_CMD_ID,LOG_FILE,ASYN) VALUES ('101','Hdfs','NameNode','hadoop-daemon.sh start avatarnode -zero','启动NameNode','100',null,null);
INSERT INTO HMC_COMMAND (CMD_ID,SERVICE_TYPE,SERVICE_MODE_TYPE,CMD_CODE,CMD_NAME,PARENT_CMD_ID,LOG_FILE,ASYN) VALUES ('102','Hdfs','DataNode','hadoop-daemon.sh start avatardatanode','启动DataNode','100',null,null);
INSERT INTO HMC_COMMAND (CMD_ID,SERVICE_TYPE,SERVICE_MODE_TYPE,CMD_CODE,CMD_NAME,PARENT_CMD_ID,LOG_FILE,ASYN) VALUES ('103','Hdfs','SecondaryNameNode','hadoop-daemon.sh start secondarynamenode','启动SecondaryNameNode','100',null,null);
INSERT INTO HMC_COMMAND (CMD_ID,SERVICE_TYPE,SERVICE_MODE_TYPE,CMD_CODE,CMD_NAME,PARENT_CMD_ID,LOG_FILE,ASYN) VALUES ('110','Hdfs',null,null,'停止所有子节点',null,null,null);
INSERT INTO HMC_COMMAND (CMD_ID,SERVICE_TYPE,SERVICE_MODE_TYPE,CMD_CODE,CMD_NAME,PARENT_CMD_ID,LOG_FILE,ASYN) VALUES ('111','Hdfs','NameNode','hadoop-daemon.sh stop avatarnode','停止NameNode',null,null,null);
INSERT INTO HMC_COMMAND (CMD_ID,SERVICE_TYPE,SERVICE_MODE_TYPE,CMD_CODE,CMD_NAME,PARENT_CMD_ID,LOG_FILE,ASYN) VALUES ('112','Hdfs','DataNode','hadoop-daemon.sh stop avatardatanode','停止DataNode','110',null,null);
INSERT INTO HMC_COMMAND (CMD_ID,SERVICE_TYPE,SERVICE_MODE_TYPE,CMD_CODE,CMD_NAME,PARENT_CMD_ID,LOG_FILE,ASYN) VALUES ('121','Hdfs','NameNode',null,'数据均衡',null,null,null);
INSERT INTO HMC_COMMAND (CMD_ID,SERVICE_TYPE,SERVICE_MODE_TYPE,CMD_CODE,CMD_NAME,PARENT_CMD_ID,LOG_FILE,ASYN) VALUES ('122','Hdfs','NameNode','hadoop namenode -format','格式化',null,null,null);
INSERT INTO HMC_COMMAND (CMD_ID,SERVICE_TYPE,SERVICE_MODE_TYPE,CMD_CODE,CMD_NAME,PARENT_CMD_ID,LOG_FILE,ASYN) VALUES ('123','Hdfs','NameNode','hadoop dfsadmin -safemode','进入安全模式',null,null,null);
INSERT INTO HMC_COMMAND (CMD_ID,SERVICE_TYPE,SERVICE_MODE_TYPE,CMD_CODE,CMD_NAME,PARENT_CMD_ID,LOG_FILE,ASYN) VALUES ('124','Hdfs','NameNode','hadoop dfsadmin -safemode leave','退出安全模式',null,null,null);
INSERT INTO HMC_COMMAND (CMD_ID,SERVICE_TYPE,SERVICE_MODE_TYPE,CMD_CODE,CMD_NAME,PARENT_CMD_ID,LOG_FILE,ASYN) VALUES ('131','Hdfs','StandbyNameNode','hadoop-daemon.sh start avatarnode -one -standby','启动StandbyNameNode','100',null,null);
INSERT INTO HMC_COMMAND (CMD_ID,SERVICE_TYPE,SERVICE_MODE_TYPE,CMD_CODE,CMD_NAME,PARENT_CMD_ID,LOG_FILE,ASYN) VALUES ('132','Hdfs','StandbyNameNode','hadoop-daemon.sh stop avatarnode','停止StandbyNameNode','110',null,null);
INSERT INTO HMC_COMMAND (CMD_ID,SERVICE_TYPE,SERVICE_MODE_TYPE,CMD_CODE,CMD_NAME,PARENT_CMD_ID,LOG_FILE,ASYN) VALUES ('200','MapReduce',null,null,'启动',null,null,null);
INSERT INTO HMC_COMMAND (CMD_ID,SERVICE_TYPE,SERVICE_MODE_TYPE,CMD_CODE,CMD_NAME,PARENT_CMD_ID,LOG_FILE,ASYN) VALUES ('201','MapReduce','JobTracker','hadoop-daemon.sh start jobtracker','启动JobTracker','200',null,null);
INSERT INTO HMC_COMMAND (CMD_ID,SERVICE_TYPE,SERVICE_MODE_TYPE,CMD_CODE,CMD_NAME,PARENT_CMD_ID,LOG_FILE,ASYN) VALUES ('202','MapReduce','TaskTracker','hadoop-daemon.sh start tasktracker','启动TaskTracker','200',null,null);
INSERT INTO HMC_COMMAND (CMD_ID,SERVICE_TYPE,SERVICE_MODE_TYPE,CMD_CODE,CMD_NAME,PARENT_CMD_ID,LOG_FILE,ASYN) VALUES ('210','MapReduce',null,null,'停止所有子节点',null,null,null);
INSERT INTO HMC_COMMAND (CMD_ID,SERVICE_TYPE,SERVICE_MODE_TYPE,CMD_CODE,CMD_NAME,PARENT_CMD_ID,LOG_FILE,ASYN) VALUES ('211','MapReduce','JobTracker','hadoop-daemon.sh stop jobtracker','停止JobTracker',null,null,null);
INSERT INTO HMC_COMMAND (CMD_ID,SERVICE_TYPE,SERVICE_MODE_TYPE,CMD_CODE,CMD_NAME,PARENT_CMD_ID,LOG_FILE,ASYN) VALUES ('212','MapReduce','TaskTracker','hadoop-daemon.sh stop tasktracker','停止TaskTracker','210',null,null);
INSERT INTO HMC_COMMAND (CMD_ID,SERVICE_TYPE,SERVICE_MODE_TYPE,CMD_CODE,CMD_NAME,PARENT_CMD_ID,LOG_FILE,ASYN) VALUES ('300','Hbase',null,null,'启动',null,null,null);
INSERT INTO HMC_COMMAND (CMD_ID,SERVICE_TYPE,SERVICE_MODE_TYPE,CMD_CODE,CMD_NAME,PARENT_CMD_ID,LOG_FILE,ASYN) VALUES ('301','Hbase','Zookeeper','hbase-daemon.sh start zookeeper','启动Zookeeper','300',null,null);
INSERT INTO HMC_COMMAND (CMD_ID,SERVICE_TYPE,SERVICE_MODE_TYPE,CMD_CODE,CMD_NAME,PARENT_CMD_ID,LOG_FILE,ASYN) VALUES ('302','Hbase','Master','hbase-daemon.sh start master','启动Master','300',null,null);
INSERT INTO HMC_COMMAND (CMD_ID,SERVICE_TYPE,SERVICE_MODE_TYPE,CMD_CODE,CMD_NAME,PARENT_CMD_ID,LOG_FILE,ASYN) VALUES ('303','Hbase','RegionServer','hbase-daemon.sh start regionserver','启动RegionServer','300',null,null);
INSERT INTO HMC_COMMAND (CMD_ID,SERVICE_TYPE,SERVICE_MODE_TYPE,CMD_CODE,CMD_NAME,PARENT_CMD_ID,LOG_FILE,ASYN) VALUES ('310','Hbase',null,null,'停止所有子节点',null,null,null);
INSERT INTO HMC_COMMAND (CMD_ID,SERVICE_TYPE,SERVICE_MODE_TYPE,CMD_CODE,CMD_NAME,PARENT_CMD_ID,LOG_FILE,ASYN) VALUES ('311','Hbase','Master','hbase-daemon.sh stop master','停止Master',null,null,null);
INSERT INTO HMC_COMMAND (CMD_ID,SERVICE_TYPE,SERVICE_MODE_TYPE,CMD_CODE,CMD_NAME,PARENT_CMD_ID,LOG_FILE,ASYN) VALUES ('312','Hbase','RegionServer','hbase-daemon.sh stop regionserver','停止RegionServer','310',null,null);
INSERT INTO HMC_COMMAND (CMD_ID,SERVICE_TYPE,SERVICE_MODE_TYPE,CMD_CODE,CMD_NAME,PARENT_CMD_ID,LOG_FILE,ASYN) VALUES ('313','Hbase','Zookeeper','hbase-daemon.sh stop zookeeper','停止Zookeeper','310',null,null);





INSERT INTO HMC_CONFIG (CONFIG_GROUP_ID,ATTR_KEY,ATTR_TYPE,ATTR_NAME,ATTR_DESC,DEFAULT_VALUE,INIT_CONFIG) VALUES ('100','mapred.job.tracker','string','jobTracker address','Host or IP and port of JobTracker.','${JobTracker.hostName}:9002','Y');
INSERT INTO HMC_CONFIG (CONFIG_GROUP_ID,ATTR_KEY,ATTR_TYPE,ATTR_NAME,ATTR_DESC,DEFAULT_VALUE,INIT_CONFIG) VALUES ('100','mapred.system.dir','string','MapReduce 系统目录','MapReduce 服务存储系统文件的 HDFS 目录。 必须从服务器和客户端机器访问此目录。 例如：/hadoop/mapred/system/','${hadoop.tmp.dir}/mapred/system',null);
INSERT INTO HMC_CONFIG (CONFIG_GROUP_ID,ATTR_KEY,ATTR_TYPE,ATTR_NAME,ATTR_DESC,DEFAULT_VALUE,INIT_CONFIG) VALUES ('100','mapred.temp.dir','string','mapred.temp.dir','mapred.temp.dir','${hadoop.tmp.dir}/mapred/temp','Y');
INSERT INTO HMC_CONFIG (CONFIG_GROUP_ID,ATTR_KEY,ATTR_TYPE,ATTR_NAME,ATTR_DESC,DEFAULT_VALUE,INIT_CONFIG) VALUES ('100','mapred.child.env','string','mapred.child.env','mapred.child.env','JAVA_LIBRARY_PATH=/home/ocdc/bin/hadoop-0.20.2-ocdc/lib/native/Linux-amd64-64','Y');
INSERT INTO HMC_CONFIG (CONFIG_GROUP_ID,ATTR_KEY,ATTR_TYPE,ATTR_NAME,ATTR_DESC,DEFAULT_VALUE,INIT_CONFIG) VALUES ('101','mapred.local.dir','string','JobTracker 本地数据目录','JobTracker 存储作业配置数据的本地文件系统中的目录。 将忽略不存在的目录。 一个目录足够；多个目录不会引发问题','${hadoop.tmp.dir}/mapred/local','Y');
INSERT INTO HMC_CONFIG (CONFIG_GROUP_ID,ATTR_KEY,ATTR_TYPE,ATTR_NAME,ATTR_DESC,DEFAULT_VALUE,INIT_CONFIG) VALUES ('101','mapred.job.tracker.http.address','string','JobTracker HTTP 服务地址','JobTracker HTTP 服务地址','${JobTracker.ip}:50030',null);
INSERT INTO HMC_CONFIG (CONFIG_GROUP_ID,ATTR_KEY,ATTR_TYPE,ATTR_NAME,ATTR_DESC,DEFAULT_VALUE,INIT_CONFIG) VALUES ('105','mapred.job.tracker.handler.count	','string','JobTracker 处理程序计数','JobTracker 的服务器线程数。 这大约为 TaskTracker 节点数的 4%。','10',null);
INSERT INTO HMC_CONFIG (CONFIG_GROUP_ID,ATTR_KEY,ATTR_TYPE,ATTR_NAME,ATTR_DESC,DEFAULT_VALUE,INIT_CONFIG) VALUES ('106','mapred.local.dir','string','TaskTracker 本地数据目录','TaskTracker 存储中间数据文件的本地文件系统中的目录列表。 要分配磁盘 I/O，请在不同设备上输入目录的逗号分隔列表。 将忽略不存在的目录。 值通常为 /data/N/mapred/local for N = 1, 2, 3...','${hadoop.tmp.dir}/mapred/local','Y');
INSERT INTO HMC_CONFIG (CONFIG_GROUP_ID,ATTR_KEY,ATTR_TYPE,ATTR_NAME,ATTR_DESC,DEFAULT_VALUE,INIT_CONFIG) VALUES ('107','tasktracker.http.threads','string','TaskTracker HTTP 线程的数量','HTTP 服务器的工作线程数。 这将用于 map 输出获取','50',null);
INSERT INTO HMC_CONFIG (CONFIG_GROUP_ID,ATTR_KEY,ATTR_TYPE,ATTR_NAME,ATTR_DESC,DEFAULT_VALUE,INIT_CONFIG) VALUES ('107','mapred.tasktracker.expiry.interval','string','mapred.tasktracker.expiry.interval','mapred.tasktracker.expiry.interval','600000','Y');
INSERT INTO HMC_CONFIG (CONFIG_GROUP_ID,ATTR_KEY,ATTR_TYPE,ATTR_NAME,ATTR_DESC,DEFAULT_VALUE,INIT_CONFIG) VALUES ('120','HADOOP_JOBTRACKER_OPTS','string','HADOOP_JOBTRACKER_OPTS','HADOOP_JOBTRACKER_OPTS','-Dcom.sun.management.jmxremote $HADOOP_JOBTRACKER_OPTS -Dcom.sun.management.jmxremote.port=18017',null);
INSERT INTO HMC_CONFIG (CONFIG_GROUP_ID,ATTR_KEY,ATTR_TYPE,ATTR_NAME,ATTR_DESC,DEFAULT_VALUE,INIT_CONFIG) VALUES ('120','HADOOP_TASKTRACKER_OPTS','string','HADOOP_TASKTRACKER_OPTS','HADOOP_TASKTRACKER_OPTS','-Dcom.sun.management.jmxremote $HADOOP_TASKTRACKER_OPTS -Dcom.sun.management.jmxremote.port=18018',null);
INSERT INTO HMC_CONFIG (CONFIG_GROUP_ID,ATTR_KEY,ATTR_TYPE,ATTR_NAME,ATTR_DESC,DEFAULT_VALUE,INIT_CONFIG) VALUES ('130','mapred.child.java.opts','string','Larger heap-size for child jvms of maps/reduces','Larger heap-size for child jvms of maps/reduces.','-Xmx1024m',null);
INSERT INTO HMC_CONFIG (CONFIG_GROUP_ID,ATTR_KEY,ATTR_TYPE,ATTR_NAME,ATTR_DESC,DEFAULT_VALUE,INIT_CONFIG) VALUES ('130','mapred.tasktracker.reduce.tasks.maximum','string','同时运行 Reduce 任务的最大数量','TaskTracker 可同时运行的 reduce 任务的最大数量','10',null);
INSERT INTO HMC_CONFIG (CONFIG_GROUP_ID,ATTR_KEY,ATTR_TYPE,ATTR_NAME,ATTR_DESC,DEFAULT_VALUE,INIT_CONFIG) VALUES ('130','mapred.tasktracker.map.tasks.maximum','string','mapred.tasktracker.map.tasks.maximum','mapred.tasktracker.map.tasks.maximum','18','Y');
INSERT INTO HMC_CONFIG (CONFIG_GROUP_ID,ATTR_KEY,ATTR_TYPE,ATTR_NAME,ATTR_DESC,DEFAULT_VALUE,INIT_CONFIG) VALUES ('130','mapred.map.tasks','string','mapred.map.tasks','mapred.map.tasks','1','Y');
INSERT INTO HMC_CONFIG (CONFIG_GROUP_ID,ATTR_KEY,ATTR_TYPE,ATTR_NAME,ATTR_DESC,DEFAULT_VALUE,INIT_CONFIG) VALUES ('130','mapred.reduce.tasks','string','mapred.reduce.tasks','mapred.map.tasks','12','Y');
INSERT INTO HMC_CONFIG (CONFIG_GROUP_ID,ATTR_KEY,ATTR_TYPE,ATTR_NAME,ATTR_DESC,DEFAULT_VALUE,INIT_CONFIG) VALUES ('130','mapred.reduce.parallel.copies','string','mapred.reduce.parallel.copies','mapred.reduce.parallel.copies','50','Y');
INSERT INTO HMC_CONFIG (CONFIG_GROUP_ID,ATTR_KEY,ATTR_TYPE,ATTR_NAME,ATTR_DESC,DEFAULT_VALUE,INIT_CONFIG) VALUES ('130','io.sort.factor','string','io.sort.factor','io.sort.factor','80','Y');
INSERT INTO HMC_CONFIG (CONFIG_GROUP_ID,ATTR_KEY,ATTR_TYPE,ATTR_NAME,ATTR_DESC,DEFAULT_VALUE,INIT_CONFIG) VALUES ('130','io.sort.mb','string','io.sort.mb','io.sort.mb','512','Y');
INSERT INTO HMC_CONFIG (CONFIG_GROUP_ID,ATTR_KEY,ATTR_TYPE,ATTR_NAME,ATTR_DESC,DEFAULT_VALUE,INIT_CONFIG) VALUES ('130','io.file.buffer.size','string','io.file.buffer.size','io.file.buffer.size','65536','Y');
INSERT INTO HMC_CONFIG (CONFIG_GROUP_ID,ATTR_KEY,ATTR_TYPE,ATTR_NAME,ATTR_DESC,DEFAULT_VALUE,INIT_CONFIG) VALUES ('130','mapred.max.tracker.blacklists','string','mapred.max.tracker.blacklists','mapred.max.tracker.blacklists','1000','Y');
INSERT INTO HMC_CONFIG (CONFIG_GROUP_ID,ATTR_KEY,ATTR_TYPE,ATTR_NAME,ATTR_DESC,DEFAULT_VALUE,INIT_CONFIG) VALUES ('130','mapred.cluster.average.blacklist.threshold','string','mapred.cluster.average.blacklist.threshold','mapred.cluster.average.blacklist.threshold','1','Y');
INSERT INTO HMC_CONFIG (CONFIG_GROUP_ID,ATTR_KEY,ATTR_TYPE,ATTR_NAME,ATTR_DESC,DEFAULT_VALUE,INIT_CONFIG) VALUES ('200','fs.default.name','string','NameNode 访问地址','NameNode 访问地址','hdfs://${NameNode.hostName}:9000','Y');
INSERT INTO HMC_CONFIG (CONFIG_GROUP_ID,ATTR_KEY,ATTR_TYPE,ATTR_NAME,ATTR_DESC,DEFAULT_VALUE,INIT_CONFIG) VALUES ('200','hadoop.tmp.dir','string','临时目录','临时目录,其他临时目录的父目录','/data/tmp','Y');
INSERT INTO HMC_CONFIG (CONFIG_GROUP_ID,ATTR_KEY,ATTR_TYPE,ATTR_NAME,ATTR_DESC,DEFAULT_VALUE,INIT_CONFIG) VALUES ('200','dfs.hosts.exclude','string','List of excluded DataNodes.','List of excluded DataNodes.','/home/ocdc/bin/hadoop-0.20.2-ocdc/conf/excludes','Y');
INSERT INTO HMC_CONFIG (CONFIG_GROUP_ID,ATTR_KEY,ATTR_TYPE,ATTR_NAME,ATTR_DESC,DEFAULT_VALUE,INIT_CONFIG) VALUES ('200','io.compression.codecs','string','io.compression.codecs','io.compression.codecs','org.apache.hadoop.io.compress.GzipCodec,org.apache.hadoop.io.compress.DefaultCodec,com.hadoop.compression.lzo.LzoCodec,com.hadoop.compression.lzo.LzopCodec,org.apache.hadoop.io.compress.BZip2Codec','Y');
INSERT INTO HMC_CONFIG (CONFIG_GROUP_ID,ATTR_KEY,ATTR_TYPE,ATTR_NAME,ATTR_DESC,DEFAULT_VALUE,INIT_CONFIG) VALUES ('200','io.compression.codec.lzo.class','string','io.compression.codec.lzo.class','io.compression.codec.lzo.class','com.hadoop.compression.lzo.LzopCodec','Y');
INSERT INTO HMC_CONFIG (CONFIG_GROUP_ID,ATTR_KEY,ATTR_TYPE,ATTR_NAME,ATTR_DESC,DEFAULT_VALUE,INIT_CONFIG) VALUES ('200','hadoop.logfile.size','string','hadoop.logfile.size','The max size of each log file','10000000','Y');
INSERT INTO HMC_CONFIG (CONFIG_GROUP_ID,ATTR_KEY,ATTR_TYPE,ATTR_NAME,ATTR_DESC,DEFAULT_VALUE,INIT_CONFIG) VALUES ('200','hadoop.logfile.count','string','hadoop.logfile.count','The max number of log files','5','Y');
INSERT INTO HMC_CONFIG (CONFIG_GROUP_ID,ATTR_KEY,ATTR_TYPE,ATTR_NAME,ATTR_DESC,DEFAULT_VALUE,INIT_CONFIG) VALUES ('201','dfs.block.size','string','块大小','适用于新 HDFS 文件的默认块大小','268435456',null);
INSERT INTO HMC_CONFIG (CONFIG_GROUP_ID,ATTR_KEY,ATTR_TYPE,ATTR_NAME,ATTR_DESC,DEFAULT_VALUE,INIT_CONFIG) VALUES ('201','dfs.replication.min','string','最小数量的块复制','最小数量的块复制','1',null);
INSERT INTO HMC_CONFIG (CONFIG_GROUP_ID,ATTR_KEY,ATTR_TYPE,ATTR_NAME,ATTR_DESC,DEFAULT_VALUE,INIT_CONFIG) VALUES ('201','dfs.replication','string','默认块复制数','默认块复制数','3',null);
INSERT INTO HMC_CONFIG (CONFIG_GROUP_ID,ATTR_KEY,ATTR_TYPE,ATTR_NAME,ATTR_DESC,DEFAULT_VALUE,INIT_CONFIG) VALUES ('201','fs.checkpoint.period','string','fs.checkpoint.period','fs.checkpoint.period','300','Y');
INSERT INTO HMC_CONFIG (CONFIG_GROUP_ID,ATTR_KEY,ATTR_TYPE,ATTR_NAME,ATTR_DESC,DEFAULT_VALUE,INIT_CONFIG) VALUES ('202','HADOOP_HEAPSIZE','string','HADOOP堆大小','HADOOP堆大小','4000','Y');
INSERT INTO HMC_CONFIG (CONFIG_GROUP_ID,ATTR_KEY,ATTR_TYPE,ATTR_NAME,ATTR_DESC,DEFAULT_VALUE,INIT_CONFIG) VALUES ('202','HADOOP_PID_DIR','string','HADOOP_PID_DIR','HADOOP_PID_DIR','${HADOOP_HOME}/pids',null);
INSERT INTO HMC_CONFIG (CONFIG_GROUP_ID,ATTR_KEY,ATTR_TYPE,ATTR_NAME,ATTR_DESC,DEFAULT_VALUE,INIT_CONFIG) VALUES ('202','HADOOP_LOG_DIR','string','HADOOP_LOG_DIR','HADOOP_LOG_DIR','/data/hadooplog/logs',null);
INSERT INTO HMC_CONFIG (CONFIG_GROUP_ID,ATTR_KEY,ATTR_TYPE,ATTR_NAME,ATTR_DESC,DEFAULT_VALUE,INIT_CONFIG) VALUES ('203','dfs.name.dir','string','NameNode 数据目录','确定 NameNode 在本地文件系统中存储名称表 (fsimage) 位置。 对于冗余的表，请输入目录的逗号分隔列表以复制所有目录中的名称表。 值通常为 /data/N/dfs/nn for N=1..3。 对于最大程度复原，某个目录应在 NFS 装载中。','/data/namenode','Y');
INSERT INTO HMC_CONFIG (CONFIG_GROUP_ID,ATTR_KEY,ATTR_TYPE,ATTR_NAME,ATTR_DESC,DEFAULT_VALUE,INIT_CONFIG) VALUES ('203','dfs.http.address','string','NameNode HTTP 服务地址','NameNode HTTP 服务地址','${NameNode.ip}:50070',null);
INSERT INTO HMC_CONFIG (CONFIG_GROUP_ID,ATTR_KEY,ATTR_TYPE,ATTR_NAME,ATTR_DESC,DEFAULT_VALUE,INIT_CONFIG) VALUES ('203','dfs.name.edits.dir','string','dfs.name.edits.dir','dfs.name.edits.dir','/data/editlog','Y');
INSERT INTO HMC_CONFIG (CONFIG_GROUP_ID,ATTR_KEY,ATTR_TYPE,ATTR_NAME,ATTR_DESC,DEFAULT_VALUE,INIT_CONFIG) VALUES ('208','dfs.data.dir','string','DataNode 数据目录','DataNode 存储 HDFS 块数据的本地文件系统中的目录逗号分隔列表。 值通常为 /data/N/dfs/dn for N = 1, 2, 3...，应使用 noatime 选项装载这些目录并使用 JBOD 配置磁盘。 不推荐使用 RAID。','/data/data','Y');
INSERT INTO HMC_CONFIG (CONFIG_GROUP_ID,ATTR_KEY,ATTR_TYPE,ATTR_NAME,ATTR_DESC,DEFAULT_VALUE,INIT_CONFIG) VALUES ('209','fs.checkpoint.dir','string','HDFS 检查点目录','确定 DFS SecondaryNameNode 在本地文件系统存储要合并的临时图像的位置。 对于冗余的图像，请输入目录的逗号分隔列表以复制所有目录中的图像。 值通常为 /data/N/dfs/snn for N = 1, 2, 3...','${hadoop.tmp.dir}/dfs/namesecondary',null);
INSERT INTO HMC_CONFIG (CONFIG_GROUP_ID,ATTR_KEY,ATTR_TYPE,ATTR_NAME,ATTR_DESC,DEFAULT_VALUE,INIT_CONFIG) VALUES ('210','dfs.namenode.handler.count','string','dfs.namenode.handler.count','dfs.namenode.handler.count','20',null);
INSERT INTO HMC_CONFIG (CONFIG_GROUP_ID,ATTR_KEY,ATTR_TYPE,ATTR_NAME,ATTR_DESC,DEFAULT_VALUE,INIT_CONFIG) VALUES ('211','dfs.datanode.handler.count','string','dfs.datanode.handler.count','dfs.datanode.handler.count','12',null);
INSERT INTO HMC_CONFIG (CONFIG_GROUP_ID,ATTR_KEY,ATTR_TYPE,ATTR_NAME,ATTR_DESC,DEFAULT_VALUE,INIT_CONFIG) VALUES ('211','dfs.datanode.max.xcievers','string','dfs.datanode.max.xcievers','dfs.datanode.max.xcievers','4096','Y');
INSERT INTO HMC_CONFIG (CONFIG_GROUP_ID,ATTR_KEY,ATTR_TYPE,ATTR_NAME,ATTR_DESC,DEFAULT_VALUE,INIT_CONFIG) VALUES ('211','dfs.datanode.du.reserved','string','dfs.datanode.du.reserved','dfs.datanode.du.reserved','10737418240','Y');
INSERT INTO HMC_CONFIG (CONFIG_GROUP_ID,ATTR_KEY,ATTR_TYPE,ATTR_NAME,ATTR_DESC,DEFAULT_VALUE,INIT_CONFIG) VALUES ('220','HADOOP_NAMENODE_OPTS','string','HADOOP_NAMENODE_OPTS','HADOOP_NAMENODE_OPTS','-Dcom.sun.management.jmxremote $HADOOP_NAMENODE_OPTS -Dcom.sun.management.jmxremote.port=18003',null);
INSERT INTO HMC_CONFIG (CONFIG_GROUP_ID,ATTR_KEY,ATTR_TYPE,ATTR_NAME,ATTR_DESC,DEFAULT_VALUE,INIT_CONFIG) VALUES ('220','HADOOP_DATANODE_OPTS','string','HADOOP_DATANODE_OPTS','HADOOP_DATANODE_OPTS','-Dcom.sun.management.jmxremote $HADOOP_DATANODE_OPTS -Dcom.sun.management.jmxremote.port=18005',null);
INSERT INTO HMC_CONFIG (CONFIG_GROUP_ID,ATTR_KEY,ATTR_TYPE,ATTR_NAME,ATTR_DESC,DEFAULT_VALUE,INIT_CONFIG) VALUES ('220','HADOOP_OPTS','string','HADOOP_OPTS','HADOOP_OPTS','-Dcom.sun.management.jmxremote.authenticate=false -Dcom.sun.management.jmxremote.ssl=false',null);
INSERT INTO HMC_CONFIG (CONFIG_GROUP_ID,ATTR_KEY,ATTR_TYPE,ATTR_NAME,ATTR_DESC,DEFAULT_VALUE,INIT_CONFIG) VALUES ('220','HADOOP_SECONDARYNAMENODE_OPTS','string','HADOOP_SECONDARYNAMENODE_OPTS','HADOOP_SECONDARYNAMENODE_OPTS','-Dcom.sun.management.jmxremote $HADOOP_SECONDARYNAMENODE_OPTS -Dcom.sun.management.jmxremote.port=18004',null);
INSERT INTO HMC_CONFIG (CONFIG_GROUP_ID,ATTR_KEY,ATTR_TYPE,ATTR_NAME,ATTR_DESC,DEFAULT_VALUE,INIT_CONFIG) VALUES ('300','hbase.zookeeper.property.dataDir','string','snapshot directory','The directory where the snapshot is stored','${hbase.tmp.dir}/zookeeper',null);
INSERT INTO HMC_CONFIG (CONFIG_GROUP_ID,ATTR_KEY,ATTR_TYPE,ATTR_NAME,ATTR_DESC,DEFAULT_VALUE,INIT_CONFIG) VALUES ('300','hbase.zookeeper.quorum','string','servers in the ZooKeeper Quorum','servers in the ZooKeeper Quorum','${Zookeeper.hostName}',null);
INSERT INTO HMC_CONFIG (CONFIG_GROUP_ID,ATTR_KEY,ATTR_TYPE,ATTR_NAME,ATTR_DESC,DEFAULT_VALUE,INIT_CONFIG) VALUES ('300','hbase.rootdir','string','HDFS 根目录','HBase Region Servers 共享的 HDFS 目录。','${fs.default.name}/hbase','Y');
INSERT INTO HMC_CONFIG (CONFIG_GROUP_ID,ATTR_KEY,ATTR_TYPE,ATTR_NAME,ATTR_DESC,DEFAULT_VALUE,INIT_CONFIG) VALUES ('301','hbase.master.port','string','Hbase Master Port','HBase Master 绑定的端口','60000',null);
INSERT INTO HMC_CONFIG (CONFIG_GROUP_ID,ATTR_KEY,ATTR_TYPE,ATTR_NAME,ATTR_DESC,DEFAULT_VALUE,INIT_CONFIG) VALUES ('303','hbase.regionserver.port','string','Hbase RegionServer Port','HBase RegionServer 绑定的端口','60020',null);
INSERT INTO HMC_CONFIG (CONFIG_GROUP_ID,ATTR_KEY,ATTR_TYPE,ATTR_NAME,ATTR_DESC,DEFAULT_VALUE,INIT_CONFIG) VALUES ('304','HBASE_MANAGES_ZK','boolean','开启hbase自带Zookeeper','开启hbase自带Zookeeper','true',null);
INSERT INTO HMC_CONFIG (CONFIG_GROUP_ID,ATTR_KEY,ATTR_TYPE,ATTR_NAME,ATTR_DESC,DEFAULT_VALUE,INIT_CONFIG) VALUES ('310','hbase.client.write.buffer','string','HBase 客户端写入缓冲','写入缓冲大小（以字节为单位）。','2097152',null);
INSERT INTO HMC_CONFIG (CONFIG_GROUP_ID,ATTR_KEY,ATTR_TYPE,ATTR_NAME,ATTR_DESC,DEFAULT_VALUE,INIT_CONFIG) VALUES ('313','HADOOP_HOME','string','HADOOP目录','HADOOP目录','${Hdfs.home}',null);
INSERT INTO HMC_CONFIG (CONFIG_GROUP_ID,ATTR_KEY,ATTR_TYPE,ATTR_NAME,ATTR_DESC,DEFAULT_VALUE,INIT_CONFIG) VALUES ('320','HBASE_JMX_BASE','string','HBASE_JMX_BASE','HBASE_JMX_BASE','-Dcom.sun.management.jmxremote.ssl=false -Dcom.sun.management.jmxremote.authenticate=false',null);
INSERT INTO HMC_CONFIG (CONFIG_GROUP_ID,ATTR_KEY,ATTR_TYPE,ATTR_NAME,ATTR_DESC,DEFAULT_VALUE,INIT_CONFIG) VALUES ('320','HBASE_MASTER_OPTS','string','HBASE_MASTER_OPTS','HBASE_MASTER_OPTS','$HBASE_JMX_BASE -Dcom.sun.management.jmxremote.port=10101',null);
INSERT INTO HMC_CONFIG (CONFIG_GROUP_ID,ATTR_KEY,ATTR_TYPE,ATTR_NAME,ATTR_DESC,DEFAULT_VALUE,INIT_CONFIG) VALUES ('320','HBASE_ZOOKEEPER_OPTS','string','HBASE_ZOOKEEPER_OPTS','HBASE_ZOOKEEPER_OPTS','$HBASE_JMX_BASE -Dcom.sun.management.jmxremote.port=10104',null);
INSERT INTO HMC_CONFIG (CONFIG_GROUP_ID,ATTR_KEY,ATTR_TYPE,ATTR_NAME,ATTR_DESC,DEFAULT_VALUE,INIT_CONFIG) VALUES ('320','HBASE_REGIONSERVER_OPTS','string','HBASE_REGIONSERVER_OPTS','HBASE_REGIONSERVER_OPTS','$HBASE_JMX_BASE -Dcom.sun.management.jmxremote.port=10102',null);
INSERT INTO HMC_CONFIG (CONFIG_GROUP_ID,ATTR_KEY,ATTR_TYPE,ATTR_NAME,ATTR_DESC,DEFAULT_VALUE,INIT_CONFIG) VALUES ('400','hive.exec.scratchdir','string','Scratch space for Hive jobs','Scratch space for Hive jobs','/tmp/hive-${user.name}',null);
INSERT INTO HMC_CONFIG (CONFIG_GROUP_ID,ATTR_KEY,ATTR_TYPE,ATTR_NAME,ATTR_DESC,DEFAULT_VALUE,INIT_CONFIG) VALUES ('400','javax.jdo.option.ConnectionURL','string','JDBC connect string for a JDBC metastore','JDBC connect string for a JDBC metastore','jdbc:oracle:thin:@localhost:1521/sid?createDatabaseIfNotExist=true',null);
INSERT INTO HMC_CONFIG (CONFIG_GROUP_ID,ATTR_KEY,ATTR_TYPE,ATTR_NAME,ATTR_DESC,DEFAULT_VALUE,INIT_CONFIG) VALUES ('400','javax.jdo.option.ConnectionUserName','string','username to use against metastore database','username to use against metastore database','username',null);
INSERT INTO HMC_CONFIG (CONFIG_GROUP_ID,ATTR_KEY,ATTR_TYPE,ATTR_NAME,ATTR_DESC,DEFAULT_VALUE,INIT_CONFIG) VALUES ('400','javax.jdo.option.ConnectionPassword','string','password to use against metastore database','password to use against metastore database','password',null);
INSERT INTO HMC_CONFIG (CONFIG_GROUP_ID,ATTR_KEY,ATTR_TYPE,ATTR_NAME,ATTR_DESC,DEFAULT_VALUE,INIT_CONFIG) VALUES ('400','javax.jdo.option.ConnectionDriverName','string','Driver class name for a JDBC metastore','Driver class name for a JDBC metastore','oracle.jdbc.driver.OracleDriver',null);
INSERT INTO HMC_CONFIG (CONFIG_GROUP_ID,ATTR_KEY,ATTR_TYPE,ATTR_NAME,ATTR_DESC,DEFAULT_VALUE,INIT_CONFIG) VALUES ('410','HADOOP_HOME','string','HADOOP目录','HADOOP目录','${Hdfs.home}',null);


INSERT INTO HMC_CONFIG_GROUP (CONFIG_GROUP_ID,CONFIG_GROUP_NAME,PARENT_CONFIG_GROUP_ID,SERVICE_TYPE,SERVICE_MODE_TYPE,CONFIG_FILE,FILE_CLASS,HIDDEN) VALUES ('100','服务',null,'MapReduce',null,'mapred-site.xml','com.asiainfo.ocdc.hmc.service.configuration.service.impl.XMLFileParser',null);
INSERT INTO HMC_CONFIG_GROUP (CONFIG_GROUP_ID,CONFIG_GROUP_NAME,PARENT_CONFIG_GROUP_ID,SERVICE_TYPE,SERVICE_MODE_TYPE,CONFIG_FILE,FILE_CLASS,HIDDEN) VALUES ('101','JobTracker',null,'MapReduce','JobTracker','mapred-site.xml','com.asiainfo.ocdc.hmc.service.configuration.service.impl.XMLFileParser',null);
INSERT INTO HMC_CONFIG_GROUP (CONFIG_GROUP_ID,CONFIG_GROUP_NAME,PARENT_CONFIG_GROUP_ID,SERVICE_TYPE,SERVICE_MODE_TYPE,CONFIG_FILE,FILE_CLASS,HIDDEN) VALUES ('102','slaves',null,'Hdfs',null,'slaves','com.asiainfo.ocdc.hmc.service.configuration.service.impl.SlaveTextFileParser','Y');
INSERT INTO HMC_CONFIG_GROUP (CONFIG_GROUP_ID,CONFIG_GROUP_NAME,PARENT_CONFIG_GROUP_ID,SERVICE_TYPE,SERVICE_MODE_TYPE,CONFIG_FILE,FILE_CLASS,HIDDEN) VALUES ('103','masters',null,'Hdfs',null,'masters','com.asiainfo.ocdc.hmc.service.configuration.service.impl.MasterTextFileParser','Y');
INSERT INTO HMC_CONFIG_GROUP (CONFIG_GROUP_ID,CONFIG_GROUP_NAME,PARENT_CONFIG_GROUP_ID,SERVICE_TYPE,SERVICE_MODE_TYPE,CONFIG_FILE,FILE_CLASS,HIDDEN) VALUES ('105','性能','101','MapReduce','JobTracker','mapred-site.xml','com.asiainfo.ocdc.hmc.service.configuration.service.impl.XMLFileParser',null);
INSERT INTO HMC_CONFIG_GROUP (CONFIG_GROUP_ID,CONFIG_GROUP_NAME,PARENT_CONFIG_GROUP_ID,SERVICE_TYPE,SERVICE_MODE_TYPE,CONFIG_FILE,FILE_CLASS,HIDDEN) VALUES ('106','TaskTracker',null,'MapReduce','TaskTracker','mapred-site.xml','com.asiainfo.ocdc.hmc.service.configuration.service.impl.XMLFileParser',null);
INSERT INTO HMC_CONFIG_GROUP (CONFIG_GROUP_ID,CONFIG_GROUP_NAME,PARENT_CONFIG_GROUP_ID,SERVICE_TYPE,SERVICE_MODE_TYPE,CONFIG_FILE,FILE_CLASS,HIDDEN) VALUES ('107','性能','106','MapReduce','TaskTracker','mapred-site.xml','com.asiainfo.ocdc.hmc.service.configuration.service.impl.XMLFileParser',null);
INSERT INTO HMC_CONFIG_GROUP (CONFIG_GROUP_ID,CONFIG_GROUP_NAME,PARENT_CONFIG_GROUP_ID,SERVICE_TYPE,SERVICE_MODE_TYPE,CONFIG_FILE,FILE_CLASS,HIDDEN) VALUES ('120','JMX',null,'MapReduce',null,'hadoop-env.sh','com.asiainfo.ocdc.hmc.service.configuration.service.impl.ENVFileParser','Y');
INSERT INTO HMC_CONFIG_GROUP (CONFIG_GROUP_ID,CONFIG_GROUP_NAME,PARENT_CONFIG_GROUP_ID,SERVICE_TYPE,SERVICE_MODE_TYPE,CONFIG_FILE,FILE_CLASS,HIDDEN) VALUES ('130','性能','100','MapReduce',null,'mapred-site.xml','com.asiainfo.ocdc.hmc.service.configuration.service.impl.XMLFileParser',null);
INSERT INTO HMC_CONFIG_GROUP (CONFIG_GROUP_ID,CONFIG_GROUP_NAME,PARENT_CONFIG_GROUP_ID,SERVICE_TYPE,SERVICE_MODE_TYPE,CONFIG_FILE,FILE_CLASS,HIDDEN) VALUES ('200','服务',null,'Hdfs',null,'core-site.xml','com.asiainfo.ocdc.hmc.service.configuration.service.impl.XMLFileParser',null);
INSERT INTO HMC_CONFIG_GROUP (CONFIG_GROUP_ID,CONFIG_GROUP_NAME,PARENT_CONFIG_GROUP_ID,SERVICE_TYPE,SERVICE_MODE_TYPE,CONFIG_FILE,FILE_CLASS,HIDDEN) VALUES ('201','性能','200','Hdfs',null,'hdfs-site.xml','com.asiainfo.ocdc.hmc.service.configuration.service.impl.XMLFileParser',null);
INSERT INTO HMC_CONFIG_GROUP (CONFIG_GROUP_ID,CONFIG_GROUP_NAME,PARENT_CONFIG_GROUP_ID,SERVICE_TYPE,SERVICE_MODE_TYPE,CONFIG_FILE,FILE_CLASS,HIDDEN) VALUES ('202','运行环境','200','Hdfs',null,'hadoop-env.sh','com.asiainfo.ocdc.hmc.service.configuration.service.impl.ENVFileParser',null);
INSERT INTO HMC_CONFIG_GROUP (CONFIG_GROUP_ID,CONFIG_GROUP_NAME,PARENT_CONFIG_GROUP_ID,SERVICE_TYPE,SERVICE_MODE_TYPE,CONFIG_FILE,FILE_CLASS,HIDDEN) VALUES ('203','NameNode',null,'Hdfs','NameNode','hdfs-site.xml','com.asiainfo.ocdc.hmc.service.configuration.service.impl.XMLFileParser',null);
INSERT INTO HMC_CONFIG_GROUP (CONFIG_GROUP_ID,CONFIG_GROUP_NAME,PARENT_CONFIG_GROUP_ID,SERVICE_TYPE,SERVICE_MODE_TYPE,CONFIG_FILE,FILE_CLASS,HIDDEN) VALUES ('208','DataNode',null,'Hdfs','DataNode','hdfs-site.xml','com.asiainfo.ocdc.hmc.service.configuration.service.impl.XMLFileParser',null);
INSERT INTO HMC_CONFIG_GROUP (CONFIG_GROUP_ID,CONFIG_GROUP_NAME,PARENT_CONFIG_GROUP_ID,SERVICE_TYPE,SERVICE_MODE_TYPE,CONFIG_FILE,FILE_CLASS,HIDDEN) VALUES ('209','SecondNameNode',null,'Hdfs','SecondNameNode','hdfs-site.xml','com.asiainfo.ocdc.hmc.service.configuration.service.impl.XMLFileParser',null);
INSERT INTO HMC_CONFIG_GROUP (CONFIG_GROUP_ID,CONFIG_GROUP_NAME,PARENT_CONFIG_GROUP_ID,SERVICE_TYPE,SERVICE_MODE_TYPE,CONFIG_FILE,FILE_CLASS,HIDDEN) VALUES ('210','性能','203','Hdfs','NameNode','hdfs-site.xml','com.asiainfo.ocdc.hmc.service.configuration.service.impl.XMLFileParser',null);
INSERT INTO HMC_CONFIG_GROUP (CONFIG_GROUP_ID,CONFIG_GROUP_NAME,PARENT_CONFIG_GROUP_ID,SERVICE_TYPE,SERVICE_MODE_TYPE,CONFIG_FILE,FILE_CLASS,HIDDEN) VALUES ('211','性能','208','Hdfs','DataNode','hdfs-site.xml','com.asiainfo.ocdc.hmc.service.configuration.service.impl.XMLFileParser',null);
INSERT INTO HMC_CONFIG_GROUP (CONFIG_GROUP_ID,CONFIG_GROUP_NAME,PARENT_CONFIG_GROUP_ID,SERVICE_TYPE,SERVICE_MODE_TYPE,CONFIG_FILE,FILE_CLASS,HIDDEN) VALUES ('220','JMX',null,'Hdfs',null,'hadoop-env.sh','com.asiainfo.ocdc.hmc.service.configuration.service.impl.ENVFileParser','Y');
INSERT INTO HMC_CONFIG_GROUP (CONFIG_GROUP_ID,CONFIG_GROUP_NAME,PARENT_CONFIG_GROUP_ID,SERVICE_TYPE,SERVICE_MODE_TYPE,CONFIG_FILE,FILE_CLASS,HIDDEN) VALUES ('300','服务',null,'Hbase',null,'hbase-site.xml','com.asiainfo.ocdc.hmc.service.configuration.service.impl.XMLFileParser',null);
INSERT INTO HMC_CONFIG_GROUP (CONFIG_GROUP_ID,CONFIG_GROUP_NAME,PARENT_CONFIG_GROUP_ID,SERVICE_TYPE,SERVICE_MODE_TYPE,CONFIG_FILE,FILE_CLASS,HIDDEN) VALUES ('301','Master',null,'Hbase','Master','hbase-site.xml','com.asiainfo.ocdc.hmc.service.configuration.service.impl.XMLFileParser',null);
INSERT INTO HMC_CONFIG_GROUP (CONFIG_GROUP_ID,CONFIG_GROUP_NAME,PARENT_CONFIG_GROUP_ID,SERVICE_TYPE,SERVICE_MODE_TYPE,CONFIG_FILE,FILE_CLASS,HIDDEN) VALUES ('302','regionservers',null,'Hbase',null,'regionservers','com.asiainfo.ocdc.hmc.service.configuration.service.impl.SlaveTextFileParser','Y');
INSERT INTO HMC_CONFIG_GROUP (CONFIG_GROUP_ID,CONFIG_GROUP_NAME,PARENT_CONFIG_GROUP_ID,SERVICE_TYPE,SERVICE_MODE_TYPE,CONFIG_FILE,FILE_CLASS,HIDDEN) VALUES ('303','RegionServer',null,'Hbase','RegionServer','hbase-site.xml','com.asiainfo.ocdc.hmc.service.configuration.service.impl.XMLFileParser',null);
INSERT INTO HMC_CONFIG_GROUP (CONFIG_GROUP_ID,CONFIG_GROUP_NAME,PARENT_CONFIG_GROUP_ID,SERVICE_TYPE,SERVICE_MODE_TYPE,CONFIG_FILE,FILE_CLASS,HIDDEN) VALUES ('304','Zookeeper',null,'Hbase','Zookeeper','hbase-env.sh','com.asiainfo.ocdc.hmc.service.configuration.service.impl.ENVFileParser',null);
INSERT INTO HMC_CONFIG_GROUP (CONFIG_GROUP_ID,CONFIG_GROUP_NAME,PARENT_CONFIG_GROUP_ID,SERVICE_TYPE,SERVICE_MODE_TYPE,CONFIG_FILE,FILE_CLASS,HIDDEN) VALUES ('310','性能','300','Hbase',null,'hbase-site.xml','com.asiainfo.ocdc.hmc.service.configuration.service.impl.XMLFileParser',null);
INSERT INTO HMC_CONFIG_GROUP (CONFIG_GROUP_ID,CONFIG_GROUP_NAME,PARENT_CONFIG_GROUP_ID,SERVICE_TYPE,SERVICE_MODE_TYPE,CONFIG_FILE,FILE_CLASS,HIDDEN) VALUES ('311','性能','301','Hbase','Master','hbase-site.xml','com.asiainfo.ocdc.hmc.service.configuration.service.impl.XMLFileParser',null);
INSERT INTO HMC_CONFIG_GROUP (CONFIG_GROUP_ID,CONFIG_GROUP_NAME,PARENT_CONFIG_GROUP_ID,SERVICE_TYPE,SERVICE_MODE_TYPE,CONFIG_FILE,FILE_CLASS,HIDDEN) VALUES ('312','性能','303','Hbase','RegionServer','hbase-site.xml','com.asiainfo.ocdc.hmc.service.configuration.service.impl.XMLFileParser',null);
INSERT INTO HMC_CONFIG_GROUP (CONFIG_GROUP_ID,CONFIG_GROUP_NAME,PARENT_CONFIG_GROUP_ID,SERVICE_TYPE,SERVICE_MODE_TYPE,CONFIG_FILE,FILE_CLASS,HIDDEN) VALUES ('313','运行环境','300','Hbase',null,'hbase-env.sh','com.asiainfo.ocdc.hmc.service.configuration.service.impl.ENVFileParser',null);
INSERT INTO HMC_CONFIG_GROUP (CONFIG_GROUP_ID,CONFIG_GROUP_NAME,PARENT_CONFIG_GROUP_ID,SERVICE_TYPE,SERVICE_MODE_TYPE,CONFIG_FILE,FILE_CLASS,HIDDEN) VALUES ('320','JMX',null,'Hbase',null,'hbase-env.sh','com.asiainfo.ocdc.hmc.service.configuration.service.impl.ENVFileParser','Y');
INSERT INTO HMC_CONFIG_GROUP (CONFIG_GROUP_ID,CONFIG_GROUP_NAME,PARENT_CONFIG_GROUP_ID,SERVICE_TYPE,SERVICE_MODE_TYPE,CONFIG_FILE,FILE_CLASS,HIDDEN) VALUES ('400','服务',null,'Hive','Hive','hive-site.xml','com.asiainfo.ocdc.hmc.service.configuration.service.impl.XMLFileParser',null);
INSERT INTO HMC_CONFIG_GROUP (CONFIG_GROUP_ID,CONFIG_GROUP_NAME,PARENT_CONFIG_GROUP_ID,SERVICE_TYPE,SERVICE_MODE_TYPE,CONFIG_FILE,FILE_CLASS,HIDDEN) VALUES ('410','运行环境','400','Hive','Hive','hive-env.sh','com.asiainfo.ocdc.hmc.service.configuration.service.impl.ENVFileParser',null);





INSERT INTO HMC_HOST_MONITOR (MONITOR_ID,MONITOR_NAME,MONITOR_TYPE,METRICS_ALIAS,METRICS_NAME,METRICS_UNIT,CHART_TYPE,ENABLE_CHART,IS_MERGE,MAX_VALUE,FILTER,CHILD_MONITOR_ID) VALUES ('10','交换区使用量',null,'Swap Used','/','GB',null,null,null,null,null,null);
INSERT INTO HMC_HOST_MONITOR (MONITOR_ID,MONITOR_NAME,MONITOR_TYPE,METRICS_ALIAS,METRICS_NAME,METRICS_UNIT,CHART_TYPE,ENABLE_CHART,IS_MERGE,MAX_VALUE,FILTER,CHILD_MONITOR_ID) VALUES ('11','交换区总量',null,'Swap Total','/','GB',null,null,null,null,null,null);
INSERT INTO HMC_HOST_MONITOR (MONITOR_ID,MONITOR_NAME,MONITOR_TYPE,METRICS_ALIAS,METRICS_NAME,METRICS_UNIT,CHART_TYPE,ENABLE_CHART,IS_MERGE,MAX_VALUE,FILTER,CHILD_MONITOR_ID) VALUES ('14','内核数',null,'Number of CPUs','内核数',null,null,null,null,null,null,null);
INSERT INTO HMC_HOST_MONITOR (MONITOR_ID,MONITOR_NAME,MONITOR_TYPE,METRICS_ALIAS,METRICS_NAME,METRICS_UNIT,CHART_TYPE,ENABLE_CHART,IS_MERGE,MAX_VALUE,FILTER,CHILD_MONITOR_ID) VALUES ('15','CPU使用率','METRICS','Cpu Usage','CPU使用率','%',null,null,null,null,null,null);
INSERT INTO HMC_HOST_MONITOR (MONITOR_ID,MONITOR_NAME,MONITOR_TYPE,METRICS_ALIAS,METRICS_NAME,METRICS_UNIT,CHART_TYPE,ENABLE_CHART,IS_MERGE,MAX_VALUE,FILTER,CHILD_MONITOR_ID) VALUES ('16','磁盘IO(每秒)','CHART','FileServer Mount|Disk Read Bytes per Second//FileServer Mount|Disk Write Bytes per Second','读//写','MB','面积图','Y','SUM','100',null,'17');
INSERT INTO HMC_HOST_MONITOR (MONITOR_ID,MONITOR_NAME,MONITOR_TYPE,METRICS_ALIAS,METRICS_NAME,METRICS_UNIT,CHART_TYPE,ENABLE_CHART,IS_MERGE,MAX_VALUE,FILTER,CHILD_MONITOR_ID) VALUES ('17','磁盘IO(每秒)','CHILDCHART','FileServer Mount|Disk Read Bytes per Second//FileServer Mount|Disk Write Bytes per Second','读//写','MB','面积图','Y',null,'100',null,null);
INSERT INTO HMC_HOST_MONITOR (MONITOR_ID,MONITOR_NAME,MONITOR_TYPE,METRICS_ALIAS,METRICS_NAME,METRICS_UNIT,CHART_TYPE,ENABLE_CHART,IS_MERGE,MAX_VALUE,FILTER,CHILD_MONITOR_ID) VALUES ('18','网卡(每秒)','CHART','NetworkServer Interface|Bytes Received per Second//NetworkServer Interface|Bytes Transmitted per Second','IN//OUT','MB','面积图','Y','SUM','100',null,'19');
INSERT INTO HMC_HOST_MONITOR (MONITOR_ID,MONITOR_NAME,MONITOR_TYPE,METRICS_ALIAS,METRICS_NAME,METRICS_UNIT,CHART_TYPE,ENABLE_CHART,IS_MERGE,MAX_VALUE,FILTER,CHILD_MONITOR_ID) VALUES ('19','网卡(每秒)','CHILDCHART','NetworkServer Interface|Bytes Received per Second//NetworkServer Interface|Bytes Transmitted per Second','IN//OUT','MB','面积图','Y',null,'100',null,null);
INSERT INTO HMC_HOST_MONITOR (MONITOR_ID,MONITOR_NAME,MONITOR_TYPE,METRICS_ALIAS,METRICS_NAME,METRICS_UNIT,CHART_TYPE,ENABLE_CHART,IS_MERGE,MAX_VALUE,FILTER,CHILD_MONITOR_ID) VALUES ('2','物理内存','METRICS','Used Memory (- buffers/cache)//Total Memory','使用量//总量','GB',null,null,null,null,null,null);
INSERT INTO HMC_HOST_MONITOR (MONITOR_ID,MONITOR_NAME,MONITOR_TYPE,METRICS_ALIAS,METRICS_NAME,METRICS_UNIT,CHART_TYPE,ENABLE_CHART,IS_MERGE,MAX_VALUE,FILTER,CHILD_MONITOR_ID) VALUES ('3','磁盘','METRICS','FileServer Mount|Total Bytes Used//FileServer Mount|Capacity','使用量//总量','GB',null,null,'Y',null,null,null);
INSERT INTO HMC_HOST_MONITOR (MONITOR_ID,MONITOR_NAME,MONITOR_TYPE,METRICS_ALIAS,METRICS_NAME,METRICS_UNIT,CHART_TYPE,ENABLE_CHART,IS_MERGE,MAX_VALUE,FILTER,CHILD_MONITOR_ID) VALUES ('30','内存使用率','CHART','Percent Used Memory','内存使用率',null,'趋势图','N','AVG','100',null,'31');
INSERT INTO HMC_HOST_MONITOR (MONITOR_ID,MONITOR_NAME,MONITOR_TYPE,METRICS_ALIAS,METRICS_NAME,METRICS_UNIT,CHART_TYPE,ENABLE_CHART,IS_MERGE,MAX_VALUE,FILTER,CHILD_MONITOR_ID) VALUES ('31','内存使用率','CHILDCHART','Percent Used Memory','内存使用率',null,'趋势图','N','AVG','100',null,null);
INSERT INTO HMC_HOST_MONITOR (MONITOR_ID,MONITOR_NAME,MONITOR_TYPE,METRICS_ALIAS,METRICS_NAME,METRICS_UNIT,CHART_TYPE,ENABLE_CHART,IS_MERGE,MAX_VALUE,FILTER,CHILD_MONITOR_ID) VALUES ('4','交换空间','METRICS','Swap Used//Swap Total','使用量//总量','GB',null,null,null,null,null,null);
INSERT INTO HMC_HOST_MONITOR (MONITOR_ID,MONITOR_NAME,MONITOR_TYPE,METRICS_ALIAS,METRICS_NAME,METRICS_UNIT,CHART_TYPE,ENABLE_CHART,IS_MERGE,MAX_VALUE,FILTER,CHILD_MONITOR_ID) VALUES ('5','CPU','CHART','User Cpu//System Cpu//Cpu Wait','User//Sys//Wait','%','面积图','Y','AVG','100',null,'51');
INSERT INTO HMC_HOST_MONITOR (MONITOR_ID,MONITOR_NAME,MONITOR_TYPE,METRICS_ALIAS,METRICS_NAME,METRICS_UNIT,CHART_TYPE,ENABLE_CHART,IS_MERGE,MAX_VALUE,FILTER,CHILD_MONITOR_ID) VALUES ('51','CPU明细','CHILD_CHAR','CPU|User Cpu//CPU|System Cpu','User//Sys','%','面积图','Y',null,'100',null,null);
INSERT INTO HMC_HOST_MONITOR (MONITOR_ID,MONITOR_NAME,MONITOR_TYPE,METRICS_ALIAS,METRICS_NAME,METRICS_UNIT,CHART_TYPE,ENABLE_CHART,IS_MERGE,MAX_VALUE,FILTER,CHILD_MONITOR_ID) VALUES ('6','可用性','METRICS','Availability','/','%',null,null,null,null,null,null);
INSERT INTO HMC_HOST_MONITOR (MONITOR_ID,MONITOR_NAME,MONITOR_TYPE,METRICS_ALIAS,METRICS_NAME,METRICS_UNIT,CHART_TYPE,ENABLE_CHART,IS_MERGE,MAX_VALUE,FILTER,CHILD_MONITOR_ID) VALUES ('7','负载P1',null,'Load Average 1 Minute','/',null,null,null,null,null,null,null);
INSERT INTO HMC_HOST_MONITOR (MONITOR_ID,MONITOR_NAME,MONITOR_TYPE,METRICS_ALIAS,METRICS_NAME,METRICS_UNIT,CHART_TYPE,ENABLE_CHART,IS_MERGE,MAX_VALUE,FILTER,CHILD_MONITOR_ID) VALUES ('8','负载P5',null,'Load Average 5 Minutes','/',null,null,null,null,null,null,null);
INSERT INTO HMC_HOST_MONITOR (MONITOR_ID,MONITOR_NAME,MONITOR_TYPE,METRICS_ALIAS,METRICS_NAME,METRICS_UNIT,CHART_TYPE,ENABLE_CHART,IS_MERGE,MAX_VALUE,FILTER,CHILD_MONITOR_ID) VALUES ('9','负载P15',null,'Load Average 15 Minutes','/',null,null,null,null,null,null,null);




INSERT INTO HMC_SERVICE_MONITOR (MONITOR_ID,MONITOR_NAME,MONITOR_TYPE,SERVICE_TYPE,SERVICE_MODE_TYPE,METRICS_ALIAS,METRICS_NAME,CHART_TYPE,ENABLE_CHART,IS_MERGE,METRICS_UNIT,MAX_VALUE,FILTER,CHILD_MONITOR_ID) VALUES ('1000','块总数','METRICS','Hdfs','NameNode','NameNode FS Namesystem|Blocks Total','块总数',null,null,null,null,null,null,null);
INSERT INTO HMC_SERVICE_MONITOR (MONITOR_ID,MONITOR_NAME,MONITOR_TYPE,SERVICE_TYPE,SERVICE_MODE_TYPE,METRICS_ALIAS,METRICS_NAME,CHART_TYPE,ENABLE_CHART,IS_MERGE,METRICS_UNIT,MAX_VALUE,FILTER,CHILD_MONITOR_ID) VALUES ('1002','文件系统使用情况','CHART','Hdfs','NameNode','NameNode FS Namesystem|Capacity Used','使用量','趋势图','Y',null,'GB',null,null,null);
INSERT INTO HMC_SERVICE_MONITOR (MONITOR_ID,MONITOR_NAME,MONITOR_TYPE,SERVICE_TYPE,SERVICE_MODE_TYPE,METRICS_ALIAS,METRICS_NAME,CHART_TYPE,ENABLE_CHART,IS_MERGE,METRICS_UNIT,MAX_VALUE,FILTER,CHILD_MONITOR_ID) VALUES ('1004','总文件数','CHART','Hdfs','NameNode','NameNode FS Namesystem|Files Total','总文件数','趋势图','Y',null,null,null,null,null);
INSERT INTO HMC_SERVICE_MONITOR (MONITOR_ID,MONITOR_NAME,MONITOR_TYPE,SERVICE_TYPE,SERVICE_MODE_TYPE,METRICS_ALIAS,METRICS_NAME,CHART_TYPE,ENABLE_CHART,IS_MERGE,METRICS_UNIT,MAX_VALUE,FILTER,CHILD_MONITOR_ID) VALUES ('1012','剩余量','METRICS','Hdfs','NameNode','NameNode FS Namesystem|Capacity Remaining//NameNode FS Namesystem|Capacity Total','剩余量',null,null,null,'GB',null,null,null);
INSERT INTO HMC_SERVICE_MONITOR (MONITOR_ID,MONITOR_NAME,MONITOR_TYPE,SERVICE_TYPE,SERVICE_MODE_TYPE,METRICS_ALIAS,METRICS_NAME,CHART_TYPE,ENABLE_CHART,IS_MERGE,METRICS_UNIT,MAX_VALUE,FILTER,CHILD_MONITOR_ID) VALUES ('1013','使用量','METRICS','Hdfs','NameNode','NameNode FS Namesystem|Capacity Used//NameNode FS Namesystem|Capacity Total','使用量',null,null,null,'GB',null,null,null);
INSERT INTO HMC_SERVICE_MONITOR (MONITOR_ID,MONITOR_NAME,MONITOR_TYPE,SERVICE_TYPE,SERVICE_MODE_TYPE,METRICS_ALIAS,METRICS_NAME,CHART_TYPE,ENABLE_CHART,IS_MERGE,METRICS_UNIT,MAX_VALUE,FILTER,CHILD_MONITOR_ID) VALUES ('1014','总文件数','METRICS','Hdfs','NameNode','NameNode FS Namesystem|Files Total','总文件数',null,null,null,null,null,null,null);
INSERT INTO HMC_SERVICE_MONITOR (MONITOR_ID,MONITOR_NAME,MONITOR_TYPE,SERVICE_TYPE,SERVICE_MODE_TYPE,METRICS_ALIAS,METRICS_NAME,CHART_TYPE,ENABLE_CHART,IS_MERGE,METRICS_UNIT,MAX_VALUE,FILTER,CHILD_MONITOR_ID) VALUES ('1105','CPU 使用率','CHART',null,'NameNode','Process Cpu Usage','CPU 使用率','趋势图','Y',null,'%','100',null,null);
INSERT INTO HMC_SERVICE_MONITOR (MONITOR_ID,MONITOR_NAME,MONITOR_TYPE,SERVICE_TYPE,SERVICE_MODE_TYPE,METRICS_ALIAS,METRICS_NAME,CHART_TYPE,ENABLE_CHART,IS_MERGE,METRICS_UNIT,MAX_VALUE,FILTER,CHILD_MONITOR_ID) VALUES ('1106','内存使用情况','CHART',null,'NameNode','Process Resident Memory Size','内存使用量','趋势图','Y',null,'GB',null,null,null);
INSERT INTO HMC_SERVICE_MONITOR (MONITOR_ID,MONITOR_NAME,MONITOR_TYPE,SERVICE_TYPE,SERVICE_MODE_TYPE,METRICS_ALIAS,METRICS_NAME,CHART_TYPE,ENABLE_CHART,IS_MERGE,METRICS_UNIT,MAX_VALUE,FILTER,CHILD_MONITOR_ID) VALUES ('1115','CPU 使用率','METRICS',null,'NameNode','Process Cpu Usage','CPU 使用率',null,null,null,'%',null,null,null);
INSERT INTO HMC_SERVICE_MONITOR (MONITOR_ID,MONITOR_NAME,MONITOR_TYPE,SERVICE_TYPE,SERVICE_MODE_TYPE,METRICS_ALIAS,METRICS_NAME,CHART_TYPE,ENABLE_CHART,IS_MERGE,METRICS_UNIT,MAX_VALUE,FILTER,CHILD_MONITOR_ID) VALUES ('1116','剩余内存','METRICS',null,'NameNode','Heap Memory Free','剩余内存',null,null,null,'GB',null,null,null);
INSERT INTO HMC_SERVICE_MONITOR (MONITOR_ID,MONITOR_NAME,MONITOR_TYPE,SERVICE_TYPE,SERVICE_MODE_TYPE,METRICS_ALIAS,METRICS_NAME,CHART_TYPE,ENABLE_CHART,IS_MERGE,METRICS_UNIT,MAX_VALUE,FILTER,CHILD_MONITOR_ID) VALUES ('1117','使用内存','METRICS',null,'NameNode','Process Resident Memory Size','使用内存',null,null,null,'GB',null,null,null);
INSERT INTO HMC_SERVICE_MONITOR (MONITOR_ID,MONITOR_NAME,MONITOR_TYPE,SERVICE_TYPE,SERVICE_MODE_TYPE,METRICS_ALIAS,METRICS_NAME,CHART_TYPE,ENABLE_CHART,IS_MERGE,METRICS_UNIT,MAX_VALUE,FILTER,CHILD_MONITOR_ID) VALUES ('1118','可用性','METRICS',null,'NameNode','Availability','可用性',null,null,null,'%',null,null,null);
INSERT INTO HMC_SERVICE_MONITOR (MONITOR_ID,MONITOR_NAME,MONITOR_TYPE,SERVICE_TYPE,SERVICE_MODE_TYPE,METRICS_ALIAS,METRICS_NAME,CHART_TYPE,ENABLE_CHART,IS_MERGE,METRICS_UNIT,MAX_VALUE,FILTER,CHILD_MONITOR_ID) VALUES ('1119','活动节点数','METRICS','Hdfs','NameNode','Live Nodes Count','活动节点数',null,null,null,null,null,null,null);
INSERT INTO HMC_SERVICE_MONITOR (MONITOR_ID,MONITOR_NAME,MONITOR_TYPE,SERVICE_TYPE,SERVICE_MODE_TYPE,METRICS_ALIAS,METRICS_NAME,CHART_TYPE,ENABLE_CHART,IS_MERGE,METRICS_UNIT,MAX_VALUE,FILTER,CHILD_MONITOR_ID) VALUES ('1120','节点状态','CHART','Hdfs','NameNode','Live Nodes Count//Dead Nodes Count','活动节点数//挂起节点数','趋势图','Y',null,null,'20',null,null);
INSERT INTO HMC_SERVICE_MONITOR (MONITOR_ID,MONITOR_NAME,MONITOR_TYPE,SERVICE_TYPE,SERVICE_MODE_TYPE,METRICS_ALIAS,METRICS_NAME,CHART_TYPE,ENABLE_CHART,IS_MERGE,METRICS_UNIT,MAX_VALUE,FILTER,CHILD_MONITOR_ID) VALUES ('1121','挂起节点数','METRICS','Hdfs','NameNode','Dead Nodes Count','挂起节点数',null,null,null,null,null,null,null);
INSERT INTO HMC_SERVICE_MONITOR (MONITOR_ID,MONITOR_NAME,MONITOR_TYPE,SERVICE_TYPE,SERVICE_MODE_TYPE,METRICS_ALIAS,METRICS_NAME,CHART_TYPE,ENABLE_CHART,IS_MERGE,METRICS_UNIT,MAX_VALUE,FILTER,CHILD_MONITOR_ID) VALUES ('1123','丢失块数','CHART','Hdfs','NameNode','NameNode FS Namesystem|Missing Blocks','丢失块数','趋势图','Y',null,null,null,null,null);
INSERT INTO HMC_SERVICE_MONITOR (MONITOR_ID,MONITOR_NAME,MONITOR_TYPE,SERVICE_TYPE,SERVICE_MODE_TYPE,METRICS_ALIAS,METRICS_NAME,CHART_TYPE,ENABLE_CHART,IS_MERGE,METRICS_UNIT,MAX_VALUE,FILTER,CHILD_MONITOR_ID) VALUES ('1124','丢失块数','METRICS','Hdfs','NameNode','NameNode FS Namesystem|Missing Blocks','丢失块数',null,null,null,null,null,null,null);
INSERT INTO HMC_SERVICE_MONITOR (MONITOR_ID,MONITOR_NAME,MONITOR_TYPE,SERVICE_TYPE,SERVICE_MODE_TYPE,METRICS_ALIAS,METRICS_NAME,CHART_TYPE,ENABLE_CHART,IS_MERGE,METRICS_UNIT,MAX_VALUE,FILTER,CHILD_MONITOR_ID) VALUES ('1125','需备份块数','CHART','Hdfs','NameNode','NameNode FS Namesystem|Under Replicated Blocks','需备份块数','趋势图','Y',null,null,null,null,null);
INSERT INTO HMC_SERVICE_MONITOR (MONITOR_ID,MONITOR_NAME,MONITOR_TYPE,SERVICE_TYPE,SERVICE_MODE_TYPE,METRICS_ALIAS,METRICS_NAME,CHART_TYPE,ENABLE_CHART,IS_MERGE,METRICS_UNIT,MAX_VALUE,FILTER,CHILD_MONITOR_ID) VALUES ('1126','需备份块数','METRICS','Hdfs','NameNode','NameNode FS Namesystem|Under Replicated Blocks','需备份块数',null,null,null,null,null,null,null);
INSERT INTO HMC_SERVICE_MONITOR (MONITOR_ID,MONITOR_NAME,MONITOR_TYPE,SERVICE_TYPE,SERVICE_MODE_TYPE,METRICS_ALIAS,METRICS_NAME,CHART_TYPE,ENABLE_CHART,IS_MERGE,METRICS_UNIT,MAX_VALUE,FILTER,CHILD_MONITOR_ID) VALUES ('1201','剩余内存','METRICS',null,'DataNode','Heap Memory Free','剩余内存',null,null,null,'GB',null,null,null);
INSERT INTO HMC_SERVICE_MONITOR (MONITOR_ID,MONITOR_NAME,MONITOR_TYPE,SERVICE_TYPE,SERVICE_MODE_TYPE,METRICS_ALIAS,METRICS_NAME,CHART_TYPE,ENABLE_CHART,IS_MERGE,METRICS_UNIT,MAX_VALUE,FILTER,CHILD_MONITOR_ID) VALUES ('1202','CPU使用率','METRICS',null,'DataNode','Process Cpu Usage','CPU使用率',null,null,null,'%',null,null,null);
INSERT INTO HMC_SERVICE_MONITOR (MONITOR_ID,MONITOR_NAME,MONITOR_TYPE,SERVICE_TYPE,SERVICE_MODE_TYPE,METRICS_ALIAS,METRICS_NAME,CHART_TYPE,ENABLE_CHART,IS_MERGE,METRICS_UNIT,MAX_VALUE,FILTER,CHILD_MONITOR_ID) VALUES ('1203','使用内存','METRICS',null,'DataNode','Process Resident Memory Size','进程CPU用户时间',null,null,null,'GB',null,null,null);
INSERT INTO HMC_SERVICE_MONITOR (MONITOR_ID,MONITOR_NAME,MONITOR_TYPE,SERVICE_TYPE,SERVICE_MODE_TYPE,METRICS_ALIAS,METRICS_NAME,CHART_TYPE,ENABLE_CHART,IS_MERGE,METRICS_UNIT,MAX_VALUE,FILTER,CHILD_MONITOR_ID) VALUES ('1212','文件系统使用量','METRICS',null,'DataNode','DataNode FS Dataset|Dfs Used//DataNode FS Dataset|Capacity','Dfs使用量',null,null,null,'GB',null,null,null);
INSERT INTO HMC_SERVICE_MONITOR (MONITOR_ID,MONITOR_NAME,MONITOR_TYPE,SERVICE_TYPE,SERVICE_MODE_TYPE,METRICS_ALIAS,METRICS_NAME,CHART_TYPE,ENABLE_CHART,IS_MERGE,METRICS_UNIT,MAX_VALUE,FILTER,CHILD_MONITOR_ID) VALUES ('1213','文件系统剩余量','METRICS',null,'DataNode','DataNode FS Dataset|Remaining//DataNode FS Dataset|Capacity','文件系统余量',null,null,null,'GB',null,null,null);
INSERT INTO HMC_SERVICE_MONITOR (MONITOR_ID,MONITOR_NAME,MONITOR_TYPE,SERVICE_TYPE,SERVICE_MODE_TYPE,METRICS_ALIAS,METRICS_NAME,CHART_TYPE,ENABLE_CHART,IS_MERGE,METRICS_UNIT,MAX_VALUE,FILTER,CHILD_MONITOR_ID) VALUES ('1214','内存使用情况','CHART',null,'DataNode','Process Resident Memory Size','使用量','趋势图','Y',null,'GB',null,null,null);
INSERT INTO HMC_SERVICE_MONITOR (MONITOR_ID,MONITOR_NAME,MONITOR_TYPE,SERVICE_TYPE,SERVICE_MODE_TYPE,METRICS_ALIAS,METRICS_NAME,CHART_TYPE,ENABLE_CHART,IS_MERGE,METRICS_UNIT,MAX_VALUE,FILTER,CHILD_MONITOR_ID) VALUES ('1215','CPU使用率','CHART',null,'DataNode','Process Cpu Usage','CPU使用率','趋势图','Y',null,'%','100',null,null);
INSERT INTO HMC_SERVICE_MONITOR (MONITOR_ID,MONITOR_NAME,MONITOR_TYPE,SERVICE_TYPE,SERVICE_MODE_TYPE,METRICS_ALIAS,METRICS_NAME,CHART_TYPE,ENABLE_CHART,IS_MERGE,METRICS_UNIT,MAX_VALUE,FILTER,CHILD_MONITOR_ID) VALUES ('1218','块读','CHART',null,'DataNode','DataNode Activity|Blocks Read','块读','趋势图','Y',null,null,null,null,null);
INSERT INTO HMC_SERVICE_MONITOR (MONITOR_ID,MONITOR_NAME,MONITOR_TYPE,SERVICE_TYPE,SERVICE_MODE_TYPE,METRICS_ALIAS,METRICS_NAME,CHART_TYPE,ENABLE_CHART,IS_MERGE,METRICS_UNIT,MAX_VALUE,FILTER,CHILD_MONITOR_ID) VALUES ('1219','块写','CHART',null,'DataNode','DataNode Activity|Blocks Written','块写','趋势图','Y',null,null,null,null,null);
INSERT INTO HMC_SERVICE_MONITOR (MONITOR_ID,MONITOR_NAME,MONITOR_TYPE,SERVICE_TYPE,SERVICE_MODE_TYPE,METRICS_ALIAS,METRICS_NAME,CHART_TYPE,ENABLE_CHART,IS_MERGE,METRICS_UNIT,MAX_VALUE,FILTER,CHILD_MONITOR_ID) VALUES ('1225','文件系统使用情况','CHART',null,'DataNode','DataNode FS Dataset|Dfs Used//DataNode FS Dataset|Remaining','使用量//剩余量','面积图','N',null,'GB',null,null,null);
INSERT INTO HMC_SERVICE_MONITOR (MONITOR_ID,MONITOR_NAME,MONITOR_TYPE,SERVICE_TYPE,SERVICE_MODE_TYPE,METRICS_ALIAS,METRICS_NAME,CHART_TYPE,ENABLE_CHART,IS_MERGE,METRICS_UNIT,MAX_VALUE,FILTER,CHILD_MONITOR_ID) VALUES ('1227','可用性','METRICS',null,'DataNode','Availability','可用性',null,null,null,'%',null,null,null);
INSERT INTO HMC_SERVICE_MONITOR (MONITOR_ID,MONITOR_NAME,MONITOR_TYPE,SERVICE_TYPE,SERVICE_MODE_TYPE,METRICS_ALIAS,METRICS_NAME,CHART_TYPE,ENABLE_CHART,IS_MERGE,METRICS_UNIT,MAX_VALUE,FILTER,CHILD_MONITOR_ID) VALUES ('1301','可用性','METRICS',null,'SecondaryNameNode','Availability','可用性',null,null,null,'%',null,null,null);
INSERT INTO HMC_SERVICE_MONITOR (MONITOR_ID,MONITOR_NAME,MONITOR_TYPE,SERVICE_TYPE,SERVICE_MODE_TYPE,METRICS_ALIAS,METRICS_NAME,CHART_TYPE,ENABLE_CHART,IS_MERGE,METRICS_UNIT,MAX_VALUE,FILTER,CHILD_MONITOR_ID) VALUES ('1405','CPU 使用率','CHART',null,'StandbyNameNode','Process Cpu Usage','CPU 使用率','趋势图','Y',null,'%','100',null,null);
INSERT INTO HMC_SERVICE_MONITOR (MONITOR_ID,MONITOR_NAME,MONITOR_TYPE,SERVICE_TYPE,SERVICE_MODE_TYPE,METRICS_ALIAS,METRICS_NAME,CHART_TYPE,ENABLE_CHART,IS_MERGE,METRICS_UNIT,MAX_VALUE,FILTER,CHILD_MONITOR_ID) VALUES ('1406','内存使用情况','CHART',null,'StandbyNameNode','Process Resident Memory Size','使用量','趋势图','Y',null,'GB',null,null,null);
INSERT INTO HMC_SERVICE_MONITOR (MONITOR_ID,MONITOR_NAME,MONITOR_TYPE,SERVICE_TYPE,SERVICE_MODE_TYPE,METRICS_ALIAS,METRICS_NAME,CHART_TYPE,ENABLE_CHART,IS_MERGE,METRICS_UNIT,MAX_VALUE,FILTER,CHILD_MONITOR_ID) VALUES ('1415','CPU 使用率','METRICS',null,'StandbyNameNode','Process Cpu Usage','CPU 使用率',null,null,null,'%',null,null,null);
INSERT INTO HMC_SERVICE_MONITOR (MONITOR_ID,MONITOR_NAME,MONITOR_TYPE,SERVICE_TYPE,SERVICE_MODE_TYPE,METRICS_ALIAS,METRICS_NAME,CHART_TYPE,ENABLE_CHART,IS_MERGE,METRICS_UNIT,MAX_VALUE,FILTER,CHILD_MONITOR_ID) VALUES ('1416','剩余内存','METRICS',null,'StandbyNameNode','Heap Memory Free','剩余内存',null,null,null,'GB',null,null,null);
INSERT INTO HMC_SERVICE_MONITOR (MONITOR_ID,MONITOR_NAME,MONITOR_TYPE,SERVICE_TYPE,SERVICE_MODE_TYPE,METRICS_ALIAS,METRICS_NAME,CHART_TYPE,ENABLE_CHART,IS_MERGE,METRICS_UNIT,MAX_VALUE,FILTER,CHILD_MONITOR_ID) VALUES ('1417','使用内存','METRICS',null,'StandbyNameNode','Process Resident Memory Size','使用内存',null,null,null,'GB',null,null,null);
INSERT INTO HMC_SERVICE_MONITOR (MONITOR_ID,MONITOR_NAME,MONITOR_TYPE,SERVICE_TYPE,SERVICE_MODE_TYPE,METRICS_ALIAS,METRICS_NAME,CHART_TYPE,ENABLE_CHART,IS_MERGE,METRICS_UNIT,MAX_VALUE,FILTER,CHILD_MONITOR_ID) VALUES ('1418','可用性','METRICS',null,'StandbyNameNode','Availability','可用性',null,null,null,'%',null,null,null);
INSERT INTO HMC_SERVICE_MONITOR (MONITOR_ID,MONITOR_NAME,MONITOR_TYPE,SERVICE_TYPE,SERVICE_MODE_TYPE,METRICS_ALIAS,METRICS_NAME,CHART_TYPE,ENABLE_CHART,IS_MERGE,METRICS_UNIT,MAX_VALUE,FILTER,CHILD_MONITOR_ID) VALUES ('2001','MAP任务数','METRICS','MapReduce','JobTracker','Map Tasks//Max Map Tasks','MAP任务数',null,null,null,null,null,null,null);
INSERT INTO HMC_SERVICE_MONITOR (MONITOR_ID,MONITOR_NAME,MONITOR_TYPE,SERVICE_TYPE,SERVICE_MODE_TYPE,METRICS_ALIAS,METRICS_NAME,CHART_TYPE,ENABLE_CHART,IS_MERGE,METRICS_UNIT,MAX_VALUE,FILTER,CHILD_MONITOR_ID) VALUES ('2002','MAP任务数','CHART','MapReduce','JobTracker','Max Map Tasks//Map Tasks','Map槽数//Map任务数','趋势图','Y',null,null,'5',null,null);
INSERT INTO HMC_SERVICE_MONITOR (MONITOR_ID,MONITOR_NAME,MONITOR_TYPE,SERVICE_TYPE,SERVICE_MODE_TYPE,METRICS_ALIAS,METRICS_NAME,CHART_TYPE,ENABLE_CHART,IS_MERGE,METRICS_UNIT,MAX_VALUE,FILTER,CHILD_MONITOR_ID) VALUES ('2003','REDUCE任务数','METRICS','MapReduce','JobTracker','Reduce Tasks//Max Reduce Tasks','REDUCE任务数',null,null,null,null,null,null,null);
INSERT INTO HMC_SERVICE_MONITOR (MONITOR_ID,MONITOR_NAME,MONITOR_TYPE,SERVICE_TYPE,SERVICE_MODE_TYPE,METRICS_ALIAS,METRICS_NAME,CHART_TYPE,ENABLE_CHART,IS_MERGE,METRICS_UNIT,MAX_VALUE,FILTER,CHILD_MONITOR_ID) VALUES ('2004','REDUCE任务数','CHART','MapReduce','JobTracker','Max Reduce Tasks//Reduce Tasks','Reduce槽数//Reduce任务数','趋势图','Y',null,null,'5',null,null);
INSERT INTO HMC_SERVICE_MONITOR (MONITOR_ID,MONITOR_NAME,MONITOR_TYPE,SERVICE_TYPE,SERVICE_MODE_TYPE,METRICS_ALIAS,METRICS_NAME,CHART_TYPE,ENABLE_CHART,IS_MERGE,METRICS_UNIT,MAX_VALUE,FILTER,CHILD_MONITOR_ID) VALUES ('2005','黑名单数','METRICS','MapReduce','JobTracker','Blacked Trackers','黑名单数',null,null,null,null,null,null,null);
INSERT INTO HMC_SERVICE_MONITOR (MONITOR_ID,MONITOR_NAME,MONITOR_TYPE,SERVICE_TYPE,SERVICE_MODE_TYPE,METRICS_ALIAS,METRICS_NAME,CHART_TYPE,ENABLE_CHART,IS_MERGE,METRICS_UNIT,MAX_VALUE,FILTER,CHILD_MONITOR_ID) VALUES ('2006','黑名单数','CHART','MapReduce','JobTracker','Blacked Trackers','黑名单数','趋势图','Y',null,null,null,null,null);
INSERT INTO HMC_SERVICE_MONITOR (MONITOR_ID,MONITOR_NAME,MONITOR_TYPE,SERVICE_TYPE,SERVICE_MODE_TYPE,METRICS_ALIAS,METRICS_NAME,CHART_TYPE,ENABLE_CHART,IS_MERGE,METRICS_UNIT,MAX_VALUE,FILTER,CHILD_MONITOR_ID) VALUES ('2007','TaskTracker数','METRICS','MapReduce','JobTracker','Task Trackers','TaskTracker数',null,null,null,null,null,null,null);
INSERT INTO HMC_SERVICE_MONITOR (MONITOR_ID,MONITOR_NAME,MONITOR_TYPE,SERVICE_TYPE,SERVICE_MODE_TYPE,METRICS_ALIAS,METRICS_NAME,CHART_TYPE,ENABLE_CHART,IS_MERGE,METRICS_UNIT,MAX_VALUE,FILTER,CHILD_MONITOR_ID) VALUES ('2101','剩余内存','METRICS',null,'JobTracker','Heap Memory Free','剩余内存',null,null,null,'GB',null,null,null);
INSERT INTO HMC_SERVICE_MONITOR (MONITOR_ID,MONITOR_NAME,MONITOR_TYPE,SERVICE_TYPE,SERVICE_MODE_TYPE,METRICS_ALIAS,METRICS_NAME,CHART_TYPE,ENABLE_CHART,IS_MERGE,METRICS_UNIT,MAX_VALUE,FILTER,CHILD_MONITOR_ID) VALUES ('2102','内存使用情况','CHART',null,'JobTracker','Process Resident Memory Size','使用量','趋势图','Y',null,'GB',null,null,null);
INSERT INTO HMC_SERVICE_MONITOR (MONITOR_ID,MONITOR_NAME,MONITOR_TYPE,SERVICE_TYPE,SERVICE_MODE_TYPE,METRICS_ALIAS,METRICS_NAME,CHART_TYPE,ENABLE_CHART,IS_MERGE,METRICS_UNIT,MAX_VALUE,FILTER,CHILD_MONITOR_ID) VALUES ('2103','使用内存','METRICS',null,'JobTracker','Process Resident Memory Size','使用内存',null,null,null,'GB',null,null,null);
INSERT INTO HMC_SERVICE_MONITOR (MONITOR_ID,MONITOR_NAME,MONITOR_TYPE,SERVICE_TYPE,SERVICE_MODE_TYPE,METRICS_ALIAS,METRICS_NAME,CHART_TYPE,ENABLE_CHART,IS_MERGE,METRICS_UNIT,MAX_VALUE,FILTER,CHILD_MONITOR_ID) VALUES ('2105','CPU使用率','METRICS',null,'JobTracker','Process Cpu Usage','CPU使用率',null,null,null,'%',null,null,null);
INSERT INTO HMC_SERVICE_MONITOR (MONITOR_ID,MONITOR_NAME,MONITOR_TYPE,SERVICE_TYPE,SERVICE_MODE_TYPE,METRICS_ALIAS,METRICS_NAME,CHART_TYPE,ENABLE_CHART,IS_MERGE,METRICS_UNIT,MAX_VALUE,FILTER,CHILD_MONITOR_ID) VALUES ('2106','CPU使用率','CHART',null,'JobTracker','Process Cpu Usage','CPU使用率','趋势图','Y',null,'%','100',null,null);
INSERT INTO HMC_SERVICE_MONITOR (MONITOR_ID,MONITOR_NAME,MONITOR_TYPE,SERVICE_TYPE,SERVICE_MODE_TYPE,METRICS_ALIAS,METRICS_NAME,CHART_TYPE,ENABLE_CHART,IS_MERGE,METRICS_UNIT,MAX_VALUE,FILTER,CHILD_MONITOR_ID) VALUES ('2115','可用性','METRICS',null,'JobTracker','Availability','可用性',null,null,null,'%',null,null,null);
INSERT INTO HMC_SERVICE_MONITOR (MONITOR_ID,MONITOR_NAME,MONITOR_TYPE,SERVICE_TYPE,SERVICE_MODE_TYPE,METRICS_ALIAS,METRICS_NAME,CHART_TYPE,ENABLE_CHART,IS_MERGE,METRICS_UNIT,MAX_VALUE,FILTER,CHILD_MONITOR_ID) VALUES ('2201','剩余内存','METRICS',null,'TaskTracker','Heap Memory Free','剩余内存',null,null,null,'GB',null,null,null);
INSERT INTO HMC_SERVICE_MONITOR (MONITOR_ID,MONITOR_NAME,MONITOR_TYPE,SERVICE_TYPE,SERVICE_MODE_TYPE,METRICS_ALIAS,METRICS_NAME,CHART_TYPE,ENABLE_CHART,IS_MERGE,METRICS_UNIT,MAX_VALUE,FILTER,CHILD_MONITOR_ID) VALUES ('2202','内存使用情况','CHART',null,'TaskTracker','Process Resident Memory Size','使用量','趋势图','Y',null,'GB',null,null,null);
INSERT INTO HMC_SERVICE_MONITOR (MONITOR_ID,MONITOR_NAME,MONITOR_TYPE,SERVICE_TYPE,SERVICE_MODE_TYPE,METRICS_ALIAS,METRICS_NAME,CHART_TYPE,ENABLE_CHART,IS_MERGE,METRICS_UNIT,MAX_VALUE,FILTER,CHILD_MONITOR_ID) VALUES ('2203','使用内存','METRICS',null,'TaskTracker','Process Resident Memory Size','使用内存',null,null,null,'GB',null,null,null);
INSERT INTO HMC_SERVICE_MONITOR (MONITOR_ID,MONITOR_NAME,MONITOR_TYPE,SERVICE_TYPE,SERVICE_MODE_TYPE,METRICS_ALIAS,METRICS_NAME,CHART_TYPE,ENABLE_CHART,IS_MERGE,METRICS_UNIT,MAX_VALUE,FILTER,CHILD_MONITOR_ID) VALUES ('2205','CPU使用率','METRICS',null,'TaskTracker','Process Cpu Usage','CPU使用率',null,null,null,'%',null,null,null);
INSERT INTO HMC_SERVICE_MONITOR (MONITOR_ID,MONITOR_NAME,MONITOR_TYPE,SERVICE_TYPE,SERVICE_MODE_TYPE,METRICS_ALIAS,METRICS_NAME,CHART_TYPE,ENABLE_CHART,IS_MERGE,METRICS_UNIT,MAX_VALUE,FILTER,CHILD_MONITOR_ID) VALUES ('2206','CPU使用率','CHART',null,'TaskTracker','Process Cpu Usage','CPU使用率','趋势图','Y',null,'%','100',null,null);
INSERT INTO HMC_SERVICE_MONITOR (MONITOR_ID,MONITOR_NAME,MONITOR_TYPE,SERVICE_TYPE,SERVICE_MODE_TYPE,METRICS_ALIAS,METRICS_NAME,CHART_TYPE,ENABLE_CHART,IS_MERGE,METRICS_UNIT,MAX_VALUE,FILTER,CHILD_MONITOR_ID) VALUES ('2209','可用性','METRICS',null,'TaskTracker','Availability','可用性',null,null,null,'%',null,null,null);


INSERT INTO HMC_SERVICE_MONITOR (MONITOR_ID,MONITOR_NAME,MONITOR_TYPE,SERVICE_TYPE,SERVICE_MODE_TYPE,METRICS_ALIAS,METRICS_NAME,CHART_TYPE,ENABLE_CHART,IS_MERGE,METRICS_UNIT,MAX_VALUE,FILTER,CHILD_MONITOR_ID) VALUES ('3001','集群报告数','METRICS','Hbase','Master','Master Master Statistics|Cluster Requests','集群报告数',null,null,null,null,null,null,null);
INSERT INTO HMC_SERVICE_MONITOR (MONITOR_ID,MONITOR_NAME,MONITOR_TYPE,SERVICE_TYPE,SERVICE_MODE_TYPE,METRICS_ALIAS,METRICS_NAME,CHART_TYPE,ENABLE_CHART,IS_MERGE,METRICS_UNIT,MAX_VALUE,FILTER,CHILD_MONITOR_ID) VALUES ('3002','集群报告数','CHART','Hbase','Master','Master Master Statistics|Cluster Requests','集群报告数','趋势图','N',null,null,null,null,null);

INSERT INTO HMC_SERVICE_MONITOR (MONITOR_ID,MONITOR_NAME,MONITOR_TYPE,SERVICE_TYPE,SERVICE_MODE_TYPE,METRICS_ALIAS,METRICS_NAME,CHART_TYPE,ENABLE_CHART,IS_MERGE,METRICS_UNIT,MAX_VALUE,FILTER,CHILD_MONITOR_ID) VALUES ('3003', 'regionservers请求读的总数', 'CHART', 'Hbase', 'RegionServer', 'RegionServer RegionServer Statistics|ReadRequestsCount per Minute', 'ReadRequestsCount', '趋势图', 'Y', 'Y', '个', null, null, null);
INSERT INTO HMC_SERVICE_MONITOR (MONITOR_ID,MONITOR_NAME,MONITOR_TYPE,SERVICE_TYPE,SERVICE_MODE_TYPE,METRICS_ALIAS,METRICS_NAME,CHART_TYPE,ENABLE_CHART,IS_MERGE,METRICS_UNIT,MAX_VALUE,FILTER,CHILD_MONITOR_ID) VALUES ('3004', 'regionservers请求写的总数', 'CHART', 'Hbase', 'RegionServer', 'RegionServer RegionServer Statistics|WriteRequestsCount per Minute', 'WriteRequestsCount', '趋势图', 'Y', 'Y', '个', null, null, null);


INSERT INTO HMC_SERVICE_MONITOR (MONITOR_ID,MONITOR_NAME,MONITOR_TYPE,SERVICE_TYPE,SERVICE_MODE_TYPE,METRICS_ALIAS,METRICS_NAME,CHART_TYPE,ENABLE_CHART,IS_MERGE,METRICS_UNIT,MAX_VALUE,FILTER,CHILD_MONITOR_ID) VALUES ('3100','可用性','METRICS',null,'Master','Availability','可用性',null,null,null,'%',null,null,null);
INSERT INTO HMC_SERVICE_MONITOR (MONITOR_ID,MONITOR_NAME,MONITOR_TYPE,SERVICE_TYPE,SERVICE_MODE_TYPE,METRICS_ALIAS,METRICS_NAME,CHART_TYPE,ENABLE_CHART,IS_MERGE,METRICS_UNIT,MAX_VALUE,FILTER,CHILD_MONITOR_ID) VALUES ('3101','大小分割时间','CHART',null,'Master','Master Master Statistics|Split Size Avg Time','大小分割平均时间','趋势图','N',null,null,null,null,null);
INSERT INTO HMC_SERVICE_MONITOR (MONITOR_ID,MONITOR_NAME,MONITOR_TYPE,SERVICE_TYPE,SERVICE_MODE_TYPE,METRICS_ALIAS,METRICS_NAME,CHART_TYPE,ENABLE_CHART,IS_MERGE,METRICS_UNIT,MAX_VALUE,FILTER,CHILD_MONITOR_ID) VALUES ('3102','大小分割时间','METRICS',null,'Master','Master Master Statistics|Split Size Avg Time','大小分割平均时间',null,null,null,null,null,null,null);
INSERT INTO HMC_SERVICE_MONITOR (MONITOR_ID,MONITOR_NAME,MONITOR_TYPE,SERVICE_TYPE,SERVICE_MODE_TYPE,METRICS_ALIAS,METRICS_NAME,CHART_TYPE,ENABLE_CHART,IS_MERGE,METRICS_UNIT,MAX_VALUE,FILTER,CHILD_MONITOR_ID) VALUES ('3103','时间分割时间','CHART',null,'Master','Master Master Statistics|Split Time Avg Time','时间分割平均时间','趋势图','N',null,null,null,null,null);
INSERT INTO HMC_SERVICE_MONITOR (MONITOR_ID,MONITOR_NAME,MONITOR_TYPE,SERVICE_TYPE,SERVICE_MODE_TYPE,METRICS_ALIAS,METRICS_NAME,CHART_TYPE,ENABLE_CHART,IS_MERGE,METRICS_UNIT,MAX_VALUE,FILTER,CHILD_MONITOR_ID) VALUES ('3104','时间分割时间','METRICS',null,'Master','Master Master Statistics|Split Time Avg Time','时间分割平均时间',null,null,null,null,null,null,null);



INSERT INTO HMC_SERVICE_MONITOR (MONITOR_ID,MONITOR_NAME,MONITOR_TYPE,SERVICE_TYPE,SERVICE_MODE_TYPE,METRICS_ALIAS,METRICS_NAME,CHART_TYPE,ENABLE_CHART,IS_MERGE,METRICS_UNIT,MAX_VALUE,FILTER,CHILD_MONITOR_ID) VALUES ('3200','可用性','METRICS',null,'RegionServer','Availability','可用性',null,null,null,'%',null,null,null);
INSERT INTO HMC_SERVICE_MONITOR (MONITOR_ID,MONITOR_NAME,MONITOR_TYPE,SERVICE_TYPE,SERVICE_MODE_TYPE,METRICS_ALIAS,METRICS_NAME,CHART_TYPE,ENABLE_CHART,IS_MERGE,METRICS_UNIT,MAX_VALUE,FILTER,CHILD_MONITOR_ID) VALUES ('3201','请求数量','CHART',null,'RegionServer','RegionServer RegionServer Statistics|Requests','请求数量','趋势图','N',null,null,null,null,null);
INSERT INTO HMC_SERVICE_MONITOR (MONITOR_ID,MONITOR_NAME,MONITOR_TYPE,SERVICE_TYPE,SERVICE_MODE_TYPE,METRICS_ALIAS,METRICS_NAME,CHART_TYPE,ENABLE_CHART,IS_MERGE,METRICS_UNIT,MAX_VALUE,FILTER,CHILD_MONITOR_ID) VALUES ('3202','请求数量','METRICS',null,'RegionServer','RegionServer RegionServer Statistics|Requests','请求数量',null,null,null,null,null,null,null);
INSERT INTO HMC_SERVICE_MONITOR (MONITOR_ID,MONITOR_NAME,MONITOR_TYPE,SERVICE_TYPE,SERVICE_MODE_TYPE,METRICS_ALIAS,METRICS_NAME,CHART_TYPE,ENABLE_CHART,IS_MERGE,METRICS_UNIT,MAX_VALUE,FILTER,CHILD_MONITOR_ID) VALUES ('3203','storefile数量','CHART',null,'RegionServer','RegionServer RegionServer Statistics|Store Files','storefile数量','趋势图','N',null,null,null,null,null);
INSERT INTO HMC_SERVICE_MONITOR (MONITOR_ID,MONITOR_NAME,MONITOR_TYPE,SERVICE_TYPE,SERVICE_MODE_TYPE,METRICS_ALIAS,METRICS_NAME,CHART_TYPE,ENABLE_CHART,IS_MERGE,METRICS_UNIT,MAX_VALUE,FILTER,CHILD_MONITOR_ID) VALUES ('3204','storefile数量','METRICS',null,'RegionServer','RegionServer RegionServer Statistics|Store Files','storefile数量',null,null,null,null,null,null,null);
INSERT INTO HMC_SERVICE_MONITOR (MONITOR_ID,MONITOR_NAME,MONITOR_TYPE,SERVICE_TYPE,SERVICE_MODE_TYPE,METRICS_ALIAS,METRICS_NAME,CHART_TYPE,ENABLE_CHART,IS_MERGE,METRICS_UNIT,MAX_VALUE,FILTER,CHILD_MONITOR_ID) VALUES ('3207','region数量','CHART',null,'RegionServer','RegionServer RegionServer Statistics|Regions','region数量','趋势图','N',null,null,null,null,null);
INSERT INTO HMC_SERVICE_MONITOR (MONITOR_ID,MONITOR_NAME,MONITOR_TYPE,SERVICE_TYPE,SERVICE_MODE_TYPE,METRICS_ALIAS,METRICS_NAME,CHART_TYPE,ENABLE_CHART,IS_MERGE,METRICS_UNIT,MAX_VALUE,FILTER,CHILD_MONITOR_ID) VALUES ('3208','region数量','METRICS',null,'RegionServer','RegionServer RegionServer Statistics|Regions','region数量',null,null,null,null,null,null,null);
INSERT INTO HMC_SERVICE_MONITOR (MONITOR_ID,MONITOR_NAME,MONITOR_TYPE,SERVICE_TYPE,SERVICE_MODE_TYPE,METRICS_ALIAS,METRICS_NAME,CHART_TYPE,ENABLE_CHART,IS_MERGE,METRICS_UNIT,MAX_VALUE,FILTER,CHILD_MONITOR_ID) VALUES ('3209','文件合并队列大小','METRICS',null,'RegionServer','RegionServer RegionServer Statistics|Compaction Queue Size','文件合并队列大小',null,null,null,null,null,null,null);
INSERT INTO HMC_SERVICE_MONITOR (MONITOR_ID,MONITOR_NAME,MONITOR_TYPE,SERVICE_TYPE,SERVICE_MODE_TYPE,METRICS_ALIAS,METRICS_NAME,CHART_TYPE,ENABLE_CHART,IS_MERGE,METRICS_UNIT,MAX_VALUE,FILTER,CHILD_MONITOR_ID) VALUES ('3210','文件合并平均时间','METRICS',null,'RegionServer','RegionServer RegionServer Statistics|Compaction Time Avg Time','文件合并平均时间',null,null,null,null,null,null,null);
INSERT INTO HMC_SERVICE_MONITOR (MONITOR_ID,MONITOR_NAME,MONITOR_TYPE,SERVICE_TYPE,SERVICE_MODE_TYPE,METRICS_ALIAS,METRICS_NAME,CHART_TYPE,ENABLE_CHART,IS_MERGE,METRICS_UNIT,MAX_VALUE,FILTER,CHILD_MONITOR_ID) VALUES ('3211','文件读平均时间','METRICS',null,'RegionServer','RegionServer RegionServer Statistics|Fs Read Latency Avg Time','文件读平均时间',null,null,null,null,null,null,null);
INSERT INTO HMC_SERVICE_MONITOR (MONITOR_ID,MONITOR_NAME,MONITOR_TYPE,SERVICE_TYPE,SERVICE_MODE_TYPE,METRICS_ALIAS,METRICS_NAME,CHART_TYPE,ENABLE_CHART,IS_MERGE,METRICS_UNIT,MAX_VALUE,FILTER,CHILD_MONITOR_ID) VALUES ('3212','文件写平均时间','METRICS',null,'RegionServer','RegionServer RegionServer Statistics|Fs Write Latency Avg Time','文件写平均时间',null,null,null,null,null,null,null);
INSERT INTO HMC_SERVICE_MONITOR (MONITOR_ID,MONITOR_NAME,MONITOR_TYPE,SERVICE_TYPE,SERVICE_MODE_TYPE,METRICS_ALIAS,METRICS_NAME,CHART_TYPE,ENABLE_CHART,IS_MERGE,METRICS_UNIT,MAX_VALUE,FILTER,CHILD_MONITOR_ID) VALUES ('3213','文件读次数','METRICS',null,'RegionServer','RegionServer RegionServer Statistics|Fs Read Latency Num Ops','文件读次数',null,null,null,null,null,null,null);
INSERT INTO HMC_SERVICE_MONITOR (MONITOR_ID,MONITOR_NAME,MONITOR_TYPE,SERVICE_TYPE,SERVICE_MODE_TYPE,METRICS_ALIAS,METRICS_NAME,CHART_TYPE,ENABLE_CHART,IS_MERGE,METRICS_UNIT,MAX_VALUE,FILTER,CHILD_MONITOR_ID) VALUES ('3214','文件写次数','METRICS',null,'RegionServer','RegionServer RegionServer Statistics|Fs Write Latency Num Ops','文件写次数',null,null,null,null,null,null,null);
INSERT INTO HMC_SERVICE_MONITOR (MONITOR_ID,MONITOR_NAME,MONITOR_TYPE,SERVICE_TYPE,SERVICE_MODE_TYPE,METRICS_ALIAS,METRICS_NAME,CHART_TYPE,ENABLE_CHART,IS_MERGE,METRICS_UNIT,MAX_VALUE,FILTER,CHILD_MONITOR_ID) VALUES ('3215','文件合并队列大小','CHART',null,'RegionServer','RegionServer RegionServer Statistics|Compaction Queue Size','文件合并队列大小','趋势图','N',null,null,null,null,null);
INSERT INTO HMC_SERVICE_MONITOR (MONITOR_ID,MONITOR_NAME,MONITOR_TYPE,SERVICE_TYPE,SERVICE_MODE_TYPE,METRICS_ALIAS,METRICS_NAME,CHART_TYPE,ENABLE_CHART,IS_MERGE,METRICS_UNIT,MAX_VALUE,FILTER,CHILD_MONITOR_ID) VALUES ('3216','文件合并平均时间','CHART',null,'RegionServer','RegionServer RegionServer Statistics|Compaction Time Avg Time','文件合并平均时间','趋势图','N',null,null,null,null,null);
INSERT INTO HMC_SERVICE_MONITOR (MONITOR_ID,MONITOR_NAME,MONITOR_TYPE,SERVICE_TYPE,SERVICE_MODE_TYPE,METRICS_ALIAS,METRICS_NAME,CHART_TYPE,ENABLE_CHART,IS_MERGE,METRICS_UNIT,MAX_VALUE,FILTER,CHILD_MONITOR_ID) VALUES ('3217','文件读写平均时间','CHART',null,'RegionServer','RegionServer RegionServer Statistics|Fs Read Latency Avg Time//RegionServer RegionServer Statistics|Fs Write Latency Avg Time','读//写','趋势图','N',null,null,null,null,null);
INSERT INTO HMC_SERVICE_MONITOR (MONITOR_ID,MONITOR_NAME,MONITOR_TYPE,SERVICE_TYPE,SERVICE_MODE_TYPE,METRICS_ALIAS,METRICS_NAME,CHART_TYPE,ENABLE_CHART,IS_MERGE,METRICS_UNIT,MAX_VALUE,FILTER,CHILD_MONITOR_ID) VALUES ('3218','文件读写次数','CHART',null,'RegionServer','RegionServer RegionServer Statistics|Fs Read Latency Num Ops//RegionServer RegionServer Statistics|Fs Write Latency Num Ops','读//写','趋势图','N',null,null,null,null,null);
--INSERT INTO HMC_SERVICE_MONITOR (MONITOR_ID,MONITOR_NAME,MONITOR_TYPE,SERVICE_TYPE,SERVICE_MODE_TYPE,METRICS_ALIAS,METRICS_NAME,CHART_TYPE,ENABLE_CHART,IS_MERGE,METRICS_UNIT,MAX_VALUE,FILTER,CHILD_MONITOR_ID) VALUES ('3219','块缓存数量','CHART',null,'RegionServer','RegionServer RegionServer Statistics|Block Cache Free//RegionServer RegionServer Statistics|Block Cache Evicted Count//RegionServer RegionServer Statistics|Block Cache Count','回收数//空闲数//总数','趋势图','N',null,null,null,null,null);
--INSERT INTO HMC_SERVICE_MONITOR (MONITOR_ID,MONITOR_NAME,MONITOR_TYPE,SERVICE_TYPE,SERVICE_MODE_TYPE,METRICS_ALIAS,METRICS_NAME,CHART_TYPE,ENABLE_CHART,IS_MERGE,METRICS_UNIT,MAX_VALUE,FILTER,CHILD_MONITOR_ID) VALUES ('3220','块缓存命中数','CHART',null,'RegionServer','RegionServer RegionServer Statistics|Block Cache Hit Count//RegionServer RegionServer Statistics|Block Cache Miss Count','命中//未命中','趋势图','N',null,null,null,null,null);
--INSERT INTO HMC_SERVICE_MONITOR (MONITOR_ID,MONITOR_NAME,MONITOR_TYPE,SERVICE_TYPE,SERVICE_MODE_TYPE,METRICS_ALIAS,METRICS_NAME,CHART_TYPE,ENABLE_CHART,IS_MERGE,METRICS_UNIT,MAX_VALUE,FILTER,CHILD_MONITOR_ID) VALUES ('3221','块缓存命中率','CHART',null,'RegionServer','RegionServer RegionServer Statistics|Block Cache Hit Ratio//','块缓存命中率','趋势图','N',null,null,null,null,null);
--INSERT INTO HMC_SERVICE_MONITOR (MONITOR_ID,MONITOR_NAME,MONITOR_TYPE,SERVICE_TYPE,SERVICE_MODE_TYPE,METRICS_ALIAS,METRICS_NAME,CHART_TYPE,ENABLE_CHART,IS_MERGE,METRICS_UNIT,MAX_VALUE,FILTER,CHILD_MONITOR_ID) VALUES ('3222','块缓存大小','CHART',null,'RegionServer','RegionServer RegionServer Statistics|Block Cache Size','块缓存大小','趋势图','N',null,null,null,null,null);
INSERT INTO HMC_SERVICE_MONITOR (MONITOR_ID,MONITOR_NAME,MONITOR_TYPE,SERVICE_TYPE,SERVICE_MODE_TYPE,METRICS_ALIAS,METRICS_NAME,CHART_TYPE,ENABLE_CHART,IS_MERGE,METRICS_UNIT,MAX_VALUE,FILTER,CHILD_MONITOR_ID) VALUES ('4101','可用性','METRICS',null,'Fuse','Availability','可用性',null,null,null,'%',null,null,null);
INSERT INTO HMC_SERVICE_MONITOR (MONITOR_ID,MONITOR_NAME,MONITOR_TYPE,SERVICE_TYPE,SERVICE_MODE_TYPE,METRICS_ALIAS,METRICS_NAME,CHART_TYPE,ENABLE_CHART,IS_MERGE,METRICS_UNIT,MAX_VALUE,FILTER,CHILD_MONITOR_ID) VALUES ('4102','CPU使用率','METRICS',null,'Fuse','Process Cpu Usage','CPU使用率',null,null,null,'%',null,null,null);
INSERT INTO HMC_SERVICE_MONITOR (MONITOR_ID,MONITOR_NAME,MONITOR_TYPE,SERVICE_TYPE,SERVICE_MODE_TYPE,METRICS_ALIAS,METRICS_NAME,CHART_TYPE,ENABLE_CHART,IS_MERGE,METRICS_UNIT,MAX_VALUE,FILTER,CHILD_MONITOR_ID) VALUES ('4103','内存使用量','METRICS',null,'Fuse','Process Resident Memory Size','内存使用量',null,null,null,'GB',null,null,null);
INSERT INTO HMC_SERVICE_MONITOR (MONITOR_ID,MONITOR_NAME,MONITOR_TYPE,SERVICE_TYPE,SERVICE_MODE_TYPE,METRICS_ALIAS,METRICS_NAME,CHART_TYPE,ENABLE_CHART,IS_MERGE,METRICS_UNIT,MAX_VALUE,FILTER,CHILD_MONITOR_ID) VALUES ('4105','CPU使用率','CHART',null,'Fuse','Process Cpu Usage','CPU使用率','趋势图','Y',null,'%','100',null,null);
INSERT INTO HMC_SERVICE_MONITOR (MONITOR_ID,MONITOR_NAME,MONITOR_TYPE,SERVICE_TYPE,SERVICE_MODE_TYPE,METRICS_ALIAS,METRICS_NAME,CHART_TYPE,ENABLE_CHART,IS_MERGE,METRICS_UNIT,MAX_VALUE,FILTER,CHILD_MONITOR_ID) VALUES ('4106','内存使用量','CHART',null,'Fuse','Process Resident Memory Size','内存使用量','趋势图','Y',null,'GB',null,null,null);
INSERT INTO HMC_SERVICE_MONITOR (MONITOR_ID,MONITOR_NAME,MONITOR_TYPE,SERVICE_TYPE,SERVICE_MODE_TYPE,METRICS_ALIAS,METRICS_NAME,CHART_TYPE,ENABLE_CHART,IS_MERGE,METRICS_UNIT,MAX_VALUE,FILTER,CHILD_MONITOR_ID) VALUES ('5101','可用性','METRICS',null,'ScheduleManager','Availability','可用性',null,null,null,'%',null,null,null);
INSERT INTO HMC_SERVICE_MONITOR (MONITOR_ID,MONITOR_NAME,MONITOR_TYPE,SERVICE_TYPE,SERVICE_MODE_TYPE,METRICS_ALIAS,METRICS_NAME,CHART_TYPE,ENABLE_CHART,IS_MERGE,METRICS_UNIT,MAX_VALUE,FILTER,CHILD_MONITOR_ID) VALUES ('5102','CPU使用率','METRICS',null,'ScheduleManager','Process Cpu Usage','CPU使用率',null,null,null,'%',null,null,null);
INSERT INTO HMC_SERVICE_MONITOR (MONITOR_ID,MONITOR_NAME,MONITOR_TYPE,SERVICE_TYPE,SERVICE_MODE_TYPE,METRICS_ALIAS,METRICS_NAME,CHART_TYPE,ENABLE_CHART,IS_MERGE,METRICS_UNIT,MAX_VALUE,FILTER,CHILD_MONITOR_ID) VALUES ('5103','内存使用量','METRICS',null,'ScheduleManager','Process Resident Memory Size','内存使用量',null,null,null,'GB',null,null,null);
INSERT INTO HMC_SERVICE_MONITOR (MONITOR_ID,MONITOR_NAME,MONITOR_TYPE,SERVICE_TYPE,SERVICE_MODE_TYPE,METRICS_ALIAS,METRICS_NAME,CHART_TYPE,ENABLE_CHART,IS_MERGE,METRICS_UNIT,MAX_VALUE,FILTER,CHILD_MONITOR_ID) VALUES ('5105','CPU使用率','CHART',null,'ScheduleManager','Process Cpu Usage','CPU使用率','趋势图','Y',null,'%','100',null,null);
INSERT INTO HMC_SERVICE_MONITOR (MONITOR_ID,MONITOR_NAME,MONITOR_TYPE,SERVICE_TYPE,SERVICE_MODE_TYPE,METRICS_ALIAS,METRICS_NAME,CHART_TYPE,ENABLE_CHART,IS_MERGE,METRICS_UNIT,MAX_VALUE,FILTER,CHILD_MONITOR_ID) VALUES ('5106','内存使用量','CHART',null,'ScheduleManager','Process Resident Memory Size','内存使用量','趋势图','Y',null,'GB',null,null,null);
INSERT INTO HMC_SERVICE_MONITOR (MONITOR_ID,MONITOR_NAME,MONITOR_TYPE,SERVICE_TYPE,SERVICE_MODE_TYPE,METRICS_ALIAS,METRICS_NAME,CHART_TYPE,ENABLE_CHART,IS_MERGE,METRICS_UNIT,MAX_VALUE,FILTER,CHILD_MONITOR_ID) VALUES ('5201','可用性','METRICS',null,'ScheduleServer','Availability','可用性',null,null,null,'%',null,null,null);
INSERT INTO HMC_SERVICE_MONITOR (MONITOR_ID,MONITOR_NAME,MONITOR_TYPE,SERVICE_TYPE,SERVICE_MODE_TYPE,METRICS_ALIAS,METRICS_NAME,CHART_TYPE,ENABLE_CHART,IS_MERGE,METRICS_UNIT,MAX_VALUE,FILTER,CHILD_MONITOR_ID) VALUES ('5202','CPU使用率','METRICS',null,'ScheduleServer','Process Cpu Usage','CPU使用率',null,null,null,'%',null,null,null);
INSERT INTO HMC_SERVICE_MONITOR (MONITOR_ID,MONITOR_NAME,MONITOR_TYPE,SERVICE_TYPE,SERVICE_MODE_TYPE,METRICS_ALIAS,METRICS_NAME,CHART_TYPE,ENABLE_CHART,IS_MERGE,METRICS_UNIT,MAX_VALUE,FILTER,CHILD_MONITOR_ID) VALUES ('5203','内存使用量','METRICS',null,'ScheduleServer','Process Resident Memory Size','内存使用量',null,null,null,'GB',null,null,null);
INSERT INTO HMC_SERVICE_MONITOR (MONITOR_ID,MONITOR_NAME,MONITOR_TYPE,SERVICE_TYPE,SERVICE_MODE_TYPE,METRICS_ALIAS,METRICS_NAME,CHART_TYPE,ENABLE_CHART,IS_MERGE,METRICS_UNIT,MAX_VALUE,FILTER,CHILD_MONITOR_ID) VALUES ('5204','线程数','METRICS',null,'ScheduleServer','Process Threads','内存使用量',null,null,null,null,null,null,null);
INSERT INTO HMC_SERVICE_MONITOR (MONITOR_ID,MONITOR_NAME,MONITOR_TYPE,SERVICE_TYPE,SERVICE_MODE_TYPE,METRICS_ALIAS,METRICS_NAME,CHART_TYPE,ENABLE_CHART,IS_MERGE,METRICS_UNIT,MAX_VALUE,FILTER,CHILD_MONITOR_ID) VALUES ('5206','CPU使用率','CHART',null,'ScheduleServer','Process Cpu Usage','CPU使用率','趋势图','Y',null,'%','100',null,null);
INSERT INTO HMC_SERVICE_MONITOR (MONITOR_ID,MONITOR_NAME,MONITOR_TYPE,SERVICE_TYPE,SERVICE_MODE_TYPE,METRICS_ALIAS,METRICS_NAME,CHART_TYPE,ENABLE_CHART,IS_MERGE,METRICS_UNIT,MAX_VALUE,FILTER,CHILD_MONITOR_ID) VALUES ('5207','内存使用量','CHART',null,'ScheduleServer','Process Resident Memory Size','内存使用量','趋势图','Y',null,'GB',null,null,null);
INSERT INTO HMC_SERVICE_MONITOR (MONITOR_ID,MONITOR_NAME,MONITOR_TYPE,SERVICE_TYPE,SERVICE_MODE_TYPE,METRICS_ALIAS,METRICS_NAME,CHART_TYPE,ENABLE_CHART,IS_MERGE,METRICS_UNIT,MAX_VALUE,FILTER,CHILD_MONITOR_ID) VALUES ('5208','线程数','CHART',null,'ScheduleServer','Process Threads','线程数','趋势图','Y',null,null,null,null,null);
INSERT INTO HMC_SERVICE_MONITOR (MONITOR_ID,MONITOR_NAME,MONITOR_TYPE,SERVICE_TYPE,SERVICE_MODE_TYPE,METRICS_ALIAS,METRICS_NAME,CHART_TYPE,ENABLE_CHART,IS_MERGE,METRICS_UNIT,MAX_VALUE,FILTER,CHILD_MONITOR_ID) VALUES ('6101','可用性','METRICS',null,'Hive','Availability','可用性',null,null,null,'%',null,null,null);
INSERT INTO HMC_SERVICE_MONITOR (MONITOR_ID,MONITOR_NAME,MONITOR_TYPE,SERVICE_TYPE,SERVICE_MODE_TYPE,METRICS_ALIAS,METRICS_NAME,CHART_TYPE,ENABLE_CHART,IS_MERGE,METRICS_UNIT,MAX_VALUE,FILTER,CHILD_MONITOR_ID) VALUES ('6102','CPU使用率','METRICS',null,'Hive','Process Cpu Usage','CPU使用率',null,null,null,'%',null,null,null);
INSERT INTO HMC_SERVICE_MONITOR (MONITOR_ID,MONITOR_NAME,MONITOR_TYPE,SERVICE_TYPE,SERVICE_MODE_TYPE,METRICS_ALIAS,METRICS_NAME,CHART_TYPE,ENABLE_CHART,IS_MERGE,METRICS_UNIT,MAX_VALUE,FILTER,CHILD_MONITOR_ID) VALUES ('6103','内存使用量','METRICS',null,'Hive','Process Resident Memory Size','内存使用量',null,null,null,'GB',null,null,null);
INSERT INTO HMC_SERVICE_MONITOR (MONITOR_ID,MONITOR_NAME,MONITOR_TYPE,SERVICE_TYPE,SERVICE_MODE_TYPE,METRICS_ALIAS,METRICS_NAME,CHART_TYPE,ENABLE_CHART,IS_MERGE,METRICS_UNIT,MAX_VALUE,FILTER,CHILD_MONITOR_ID) VALUES ('6105','CPU使用率','CHART',null,'Hive','Process Cpu Usage','CPU使用率','趋势图','Y',null,'%','100',null,null);
INSERT INTO HMC_SERVICE_MONITOR (MONITOR_ID,MONITOR_NAME,MONITOR_TYPE,SERVICE_TYPE,SERVICE_MODE_TYPE,METRICS_ALIAS,METRICS_NAME,CHART_TYPE,ENABLE_CHART,IS_MERGE,METRICS_UNIT,MAX_VALUE,FILTER,CHILD_MONITOR_ID) VALUES ('6106','内存使用量','CHART',null,'Hive','Process Resident Memory Size','内存使用量','趋势图','Y',null,'GB',null,null,null);
INSERT INTO HMC_SERVICE_MONITOR (MONITOR_ID,MONITOR_NAME,MONITOR_TYPE,SERVICE_TYPE,SERVICE_MODE_TYPE,METRICS_ALIAS,METRICS_NAME,CHART_TYPE,ENABLE_CHART,IS_MERGE,METRICS_UNIT,MAX_VALUE,FILTER) VALUES ('1231','块操作平均时长','CHART',null,'DataNode','DataNode Activity|Copy Block Op Avg Time//DataNode Activity|Block Checksum Op Avg Time//DataNode Activity|Write Block Op Avg Time//DataNode Activity|Replace Block Op Avg Time','Copy//Checksum//Write//Replace','趋势图','Y',null,null,null,null);
INSERT INTO HMC_SERVICE_MONITOR (MONITOR_ID,MONITOR_NAME,MONITOR_TYPE,SERVICE_TYPE,SERVICE_MODE_TYPE,METRICS_ALIAS,METRICS_NAME,CHART_TYPE,ENABLE_CHART,IS_MERGE,METRICS_UNIT,MAX_VALUE,FILTER) VALUES ('1232','块操作次数','CHART',null,'DataNode','DataNode Activity|Replace Block Op Num Ops//DataNode Activity|Block Checksum Op Avg Time','Replace//Checksum','趋势图','Y',null,null,null,null);
INSERT INTO HMC_SERVICE_MONITOR (MONITOR_ID,MONITOR_NAME,MONITOR_TYPE,SERVICE_TYPE,SERVICE_MODE_TYPE,METRICS_ALIAS,METRICS_NAME,CHART_TYPE,ENABLE_CHART,IS_MERGE,METRICS_UNIT,MAX_VALUE,FILTER) VALUES ('1233','块复写','CHART',null,'DataNode','DataNode Activity|Replicated','块复写','趋势图','Y',null,null,null,null);
INSERT INTO HMC_SERVICE_MONITOR (MONITOR_ID,MONITOR_NAME,MONITOR_TYPE,SERVICE_TYPE,SERVICE_MODE_TYPE,METRICS_ALIAS,METRICS_NAME,CHART_TYPE,ENABLE_CHART,IS_MERGE,METRICS_UNIT,MAX_VALUE,FILTER) VALUES ('1234','块校验','CHART',null,'DataNode','DataNode Activity|Block Verification Failures//DataNode Activity|Blocks Verified','总数//失败次数','趋势图','Y',null,null,null,null);
